--
-- PostgreSQL database dump
--

-- Dumped from database version 15.13
-- Dumped by pg_dump version 15.13

SET statement_timeout = 0;
SET lock_timeout = 0;
SET idle_in_transaction_session_timeout = 0;
SET client_encoding = 'UTF8';
SET standard_conforming_strings = on;
SELECT pg_catalog.set_config('search_path', '', false);
SET check_function_bodies = false;
SET xmloption = content;
SET client_min_messages = warning;
SET row_security = off;

--
-- Name: unaccent; Type: EXTENSION; Schema: -; Owner: -
--

CREATE EXTENSION IF NOT EXISTS unaccent WITH SCHEMA public;


--
-- Name: EXTENSION unaccent; Type: COMMENT; Schema: -; Owner: 
--

COMMENT ON EXTENSION unaccent IS 'text search dictionary that removes accents';


--
-- Name: uuid-ossp; Type: EXTENSION; Schema: -; Owner: -
--

CREATE EXTENSION IF NOT EXISTS "uuid-ossp" WITH SCHEMA public;


--
-- Name: EXTENSION "uuid-ossp"; Type: COMMENT; Schema: -; Owner: 
--

COMMENT ON EXTENSION "uuid-ossp" IS 'generate universally unique identifiers (UUIDs)';


SET default_tablespace = '';

SET default_table_access_method = heap;

--
-- Name: auth_group; Type: TABLE; Schema: public; Owner: postgres
--

CREATE TABLE public.auth_group (
    id integer NOT NULL,
    name character varying(150) NOT NULL
);


ALTER TABLE public.auth_group OWNER TO postgres;

--
-- Name: auth_group_id_seq; Type: SEQUENCE; Schema: public; Owner: postgres
--

ALTER TABLE public.auth_group ALTER COLUMN id ADD GENERATED BY DEFAULT AS IDENTITY (
    SEQUENCE NAME public.auth_group_id_seq
    START WITH 1
    INCREMENT BY 1
    NO MINVALUE
    NO MAXVALUE
    CACHE 1
);


--
-- Name: auth_group_permissions; Type: TABLE; Schema: public; Owner: postgres
--

CREATE TABLE public.auth_group_permissions (
    id bigint NOT NULL,
    group_id integer NOT NULL,
    permission_id integer NOT NULL
);


ALTER TABLE public.auth_group_permissions OWNER TO postgres;

--
-- Name: auth_group_permissions_id_seq; Type: SEQUENCE; Schema: public; Owner: postgres
--

ALTER TABLE public.auth_group_permissions ALTER COLUMN id ADD GENERATED BY DEFAULT AS IDENTITY (
    SEQUENCE NAME public.auth_group_permissions_id_seq
    START WITH 1
    INCREMENT BY 1
    NO MINVALUE
    NO MAXVALUE
    CACHE 1
);


--
-- Name: auth_permission; Type: TABLE; Schema: public; Owner: postgres
--

CREATE TABLE public.auth_permission (
    id integer NOT NULL,
    name character varying(255) NOT NULL,
    content_type_id integer NOT NULL,
    codename character varying(100) NOT NULL
);


ALTER TABLE public.auth_permission OWNER TO postgres;

--
-- Name: auth_permission_id_seq; Type: SEQUENCE; Schema: public; Owner: postgres
--

ALTER TABLE public.auth_permission ALTER COLUMN id ADD GENERATED BY DEFAULT AS IDENTITY (
    SEQUENCE NAME public.auth_permission_id_seq
    START WITH 1
    INCREMENT BY 1
    NO MINVALUE
    NO MAXVALUE
    CACHE 1
);


--
-- Name: authentication_customuser; Type: TABLE; Schema: public; Owner: postgres
--

CREATE TABLE public.authentication_customuser (
    id bigint NOT NULL,
    password character varying(128) NOT NULL,
    last_login timestamp with time zone,
    is_superuser boolean NOT NULL,
    created_at timestamp with time zone NOT NULL,
    updated_at timestamp with time zone NOT NULL,
    email character varying(254) NOT NULL,
    first_name character varying(30) NOT NULL,
    last_name character varying(30) NOT NULL,
    is_active boolean NOT NULL,
    is_staff boolean NOT NULL,
    created_by_id bigint,
    updated_by_id bigint,
    tipo_permissao character varying(20) NOT NULL
);


ALTER TABLE public.authentication_customuser OWNER TO postgres;

--
-- Name: authentication_customuser_groups; Type: TABLE; Schema: public; Owner: postgres
--

CREATE TABLE public.authentication_customuser_groups (
    id bigint NOT NULL,
    customuser_id bigint NOT NULL,
    group_id integer NOT NULL
);


ALTER TABLE public.authentication_customuser_groups OWNER TO postgres;

--
-- Name: authentication_customuser_groups_id_seq; Type: SEQUENCE; Schema: public; Owner: postgres
--

ALTER TABLE public.authentication_customuser_groups ALTER COLUMN id ADD GENERATED BY DEFAULT AS IDENTITY (
    SEQUENCE NAME public.authentication_customuser_groups_id_seq
    START WITH 1
    INCREMENT BY 1
    NO MINVALUE
    NO MAXVALUE
    CACHE 1
);


--
-- Name: authentication_customuser_id_seq; Type: SEQUENCE; Schema: public; Owner: postgres
--

ALTER TABLE public.authentication_customuser ALTER COLUMN id ADD GENERATED BY DEFAULT AS IDENTITY (
    SEQUENCE NAME public.authentication_customuser_id_seq
    START WITH 1
    INCREMENT BY 1
    NO MINVALUE
    NO MAXVALUE
    CACHE 1
);


--
-- Name: authentication_customuser_user_permissions; Type: TABLE; Schema: public; Owner: postgres
--

CREATE TABLE public.authentication_customuser_user_permissions (
    id bigint NOT NULL,
    customuser_id bigint NOT NULL,
    permission_id integer NOT NULL
);


ALTER TABLE public.authentication_customuser_user_permissions OWNER TO postgres;

--
-- Name: authentication_customuser_user_permissions_id_seq; Type: SEQUENCE; Schema: public; Owner: postgres
--

ALTER TABLE public.authentication_customuser_user_permissions ALTER COLUMN id ADD GENERATED BY DEFAULT AS IDENTITY (
    SEQUENCE NAME public.authentication_customuser_user_permissions_id_seq
    START WITH 1
    INCREMENT BY 1
    NO MINVALUE
    NO MAXVALUE
    CACHE 1
);


--
-- Name: clientes_cliente; Type: TABLE; Schema: public; Owner: postgres
--

CREATE TABLE public.clientes_cliente (
    id bigint NOT NULL,
    nome_empresa character varying(200) NOT NULL,
    representante character varying(150) NOT NULL,
    cnpj character varying(18) NOT NULL,
    inscricao_estadual character varying(20),
    inscricao_municipal character varying(20),
    logradouro character varying(200) NOT NULL,
    numero character varying(10) NOT NULL,
    complemento character varying(100),
    bairro character varying(100) NOT NULL,
    cidade character varying(100) NOT NULL,
    estado character varying(2) NOT NULL,
    cep character varying(9) NOT NULL,
    telefone character varying(20) NOT NULL,
    email character varying(254) NOT NULL,
    banco character varying(100),
    agencia character varying(20),
    conta_corrente character varying(30),
    created_at timestamp with time zone NOT NULL,
    updated_at timestamp with time zone NOT NULL,
    created_by_id bigint,
    updated_by_id bigint
);


ALTER TABLE public.clientes_cliente OWNER TO postgres;

--
-- Name: clientes_cliente_id_seq; Type: SEQUENCE; Schema: public; Owner: postgres
--

ALTER TABLE public.clientes_cliente ALTER COLUMN id ADD GENERATED BY DEFAULT AS IDENTITY (
    SEQUENCE NAME public.clientes_cliente_id_seq
    START WITH 1
    INCREMENT BY 1
    NO MINVALUE
    NO MAXVALUE
    CACHE 1
);


--
-- Name: django_admin_log; Type: TABLE; Schema: public; Owner: postgres
--

CREATE TABLE public.django_admin_log (
    id integer NOT NULL,
    action_time timestamp with time zone NOT NULL,
    object_id text,
    object_repr character varying(200) NOT NULL,
    action_flag smallint NOT NULL,
    change_message text NOT NULL,
    content_type_id integer,
    user_id bigint NOT NULL,
    CONSTRAINT django_admin_log_action_flag_check CHECK ((action_flag >= 0))
);


ALTER TABLE public.django_admin_log OWNER TO postgres;

--
-- Name: django_admin_log_id_seq; Type: SEQUENCE; Schema: public; Owner: postgres
--

ALTER TABLE public.django_admin_log ALTER COLUMN id ADD GENERATED BY DEFAULT AS IDENTITY (
    SEQUENCE NAME public.django_admin_log_id_seq
    START WITH 1
    INCREMENT BY 1
    NO MINVALUE
    NO MAXVALUE
    CACHE 1
);


--
-- Name: django_content_type; Type: TABLE; Schema: public; Owner: postgres
--

CREATE TABLE public.django_content_type (
    id integer NOT NULL,
    app_label character varying(100) NOT NULL,
    model character varying(100) NOT NULL
);


ALTER TABLE public.django_content_type OWNER TO postgres;

--
-- Name: django_content_type_id_seq; Type: SEQUENCE; Schema: public; Owner: postgres
--

ALTER TABLE public.django_content_type ALTER COLUMN id ADD GENERATED BY DEFAULT AS IDENTITY (
    SEQUENCE NAME public.django_content_type_id_seq
    START WITH 1
    INCREMENT BY 1
    NO MINVALUE
    NO MAXVALUE
    CACHE 1
);


--
-- Name: django_migrations; Type: TABLE; Schema: public; Owner: postgres
--

CREATE TABLE public.django_migrations (
    id bigint NOT NULL,
    app character varying(255) NOT NULL,
    name character varying(255) NOT NULL,
    applied timestamp with time zone NOT NULL
);


ALTER TABLE public.django_migrations OWNER TO postgres;

--
-- Name: django_migrations_id_seq; Type: SEQUENCE; Schema: public; Owner: postgres
--

ALTER TABLE public.django_migrations ALTER COLUMN id ADD GENERATED BY DEFAULT AS IDENTITY (
    SEQUENCE NAME public.django_migrations_id_seq
    START WITH 1
    INCREMENT BY 1
    NO MINVALUE
    NO MAXVALUE
    CACHE 1
);


--
-- Name: django_session; Type: TABLE; Schema: public; Owner: postgres
--

CREATE TABLE public.django_session (
    session_key character varying(40) NOT NULL,
    session_data text NOT NULL,
    expire_date timestamp with time zone NOT NULL
);


ALTER TABLE public.django_session OWNER TO postgres;

--
-- Name: orcamentos_faixapreco; Type: TABLE; Schema: public; Owner: postgres
--

CREATE TABLE public.orcamentos_faixapreco (
    id bigint NOT NULL,
    created_at timestamp with time zone NOT NULL,
    updated_at timestamp with time zone NOT NULL,
    nome character varying(100) NOT NULL,
    descricao text,
    multiplicador numeric(5,2) NOT NULL,
    ativo boolean NOT NULL,
    created_by_id bigint,
    updated_by_id bigint
);


ALTER TABLE public.orcamentos_faixapreco OWNER TO postgres;

--
-- Name: orcamentos_faixapreco_id_seq; Type: SEQUENCE; Schema: public; Owner: postgres
--

ALTER TABLE public.orcamentos_faixapreco ALTER COLUMN id ADD GENERATED BY DEFAULT AS IDENTITY (
    SEQUENCE NAME public.orcamentos_faixapreco_id_seq
    START WITH 1
    INCREMENT BY 1
    NO MINVALUE
    NO MAXVALUE
    CACHE 1
);


--
-- Name: orcamentos_formapagamento; Type: TABLE; Schema: public; Owner: postgres
--

CREATE TABLE public.orcamentos_formapagamento (
    id bigint NOT NULL,
    created_at timestamp with time zone NOT NULL,
    updated_at timestamp with time zone NOT NULL,
    nome character varying(100) NOT NULL,
    descricao text,
    prazo_dias integer NOT NULL,
    desconto_maximo numeric(5,2) NOT NULL,
    ativo boolean NOT NULL,
    created_by_id bigint,
    updated_by_id bigint
);


ALTER TABLE public.orcamentos_formapagamento OWNER TO postgres;

--
-- Name: orcamentos_formapagamento_id_seq; Type: SEQUENCE; Schema: public; Owner: postgres
--

ALTER TABLE public.orcamentos_formapagamento ALTER COLUMN id ADD GENERATED BY DEFAULT AS IDENTITY (
    SEQUENCE NAME public.orcamentos_formapagamento_id_seq
    START WITH 1
    INCREMENT BY 1
    NO MINVALUE
    NO MAXVALUE
    CACHE 1
);


--
-- Name: orcamentos_orcamento; Type: TABLE; Schema: public; Owner: postgres
--

CREATE TABLE public.orcamentos_orcamento (
    id bigint NOT NULL,
    created_at timestamp with time zone NOT NULL,
    updated_at timestamp with time zone NOT NULL,
    numero character varying(20) NOT NULL,
    desconto_valor numeric(10,2),
    desconto_percentual numeric(5,2),
    acrescimo_valor numeric(10,2),
    acrescimo_percentual numeric(5,2),
    data_entrega date NOT NULL,
    data_validade date NOT NULL,
    status character varying(20) NOT NULL,
    observacoes text,
    cliente_id bigint NOT NULL,
    created_by_id bigint,
    faixa_preco_id bigint NOT NULL,
    forma_pagamento_id bigint NOT NULL,
    updated_by_id bigint,
    vendedor_id bigint NOT NULL
);


ALTER TABLE public.orcamentos_orcamento OWNER TO postgres;

--
-- Name: orcamentos_orcamento_id_seq; Type: SEQUENCE; Schema: public; Owner: postgres
--

ALTER TABLE public.orcamentos_orcamento ALTER COLUMN id ADD GENERATED BY DEFAULT AS IDENTITY (
    SEQUENCE NAME public.orcamentos_orcamento_id_seq
    START WITH 1
    INCREMENT BY 1
    NO MINVALUE
    NO MAXVALUE
    CACHE 1
);


--
-- Name: orcamentos_orcamentoitem; Type: TABLE; Schema: public; Owner: postgres
--

CREATE TABLE public.orcamentos_orcamentoitem (
    id bigint NOT NULL,
    created_at timestamp with time zone NOT NULL,
    updated_at timestamp with time zone NOT NULL,
    quantidade integer NOT NULL,
    preco_unitario numeric(10,2) NOT NULL,
    observacoes text,
    dados_produto jsonb NOT NULL,
    created_by_id bigint,
    orcamento_id bigint NOT NULL,
    produto_id bigint NOT NULL,
    updated_by_id bigint,
    CONSTRAINT orcamentos_orcamentoitem_quantidade_check CHECK ((quantidade >= 0))
);


ALTER TABLE public.orcamentos_orcamentoitem OWNER TO postgres;

--
-- Name: orcamentos_orcamentoitem_id_seq; Type: SEQUENCE; Schema: public; Owner: postgres
--

ALTER TABLE public.orcamentos_orcamentoitem ALTER COLUMN id ADD GENERATED BY DEFAULT AS IDENTITY (
    SEQUENCE NAME public.orcamentos_orcamentoitem_id_seq
    START WITH 1
    INCREMENT BY 1
    NO MINVALUE
    NO MAXVALUE
    CACHE 1
);


--
-- Name: orcamentos_orcamentomodulo; Type: TABLE; Schema: public; Owner: postgres
--

CREATE TABLE public.orcamentos_orcamentomodulo (
    id bigint NOT NULL,
    created_at timestamp with time zone NOT NULL,
    updated_at timestamp with time zone NOT NULL,
    modulo_id integer NOT NULL,
    nome_modulo character varying(200) NOT NULL,
    tamanho_selecionado character varying(100),
    created_by_id bigint,
    item_orcamento_id bigint NOT NULL,
    updated_by_id bigint,
    observacoes text,
    quantidade integer NOT NULL,
    tamanho_id integer,
    CONSTRAINT orcamentos_orcamentomodulo_modulo_id_check CHECK ((modulo_id >= 0)),
    CONSTRAINT orcamentos_orcamentomodulo_quantidade_check CHECK ((quantidade >= 0)),
    CONSTRAINT orcamentos_orcamentomodulo_tamanho_id_check CHECK ((tamanho_id >= 0))
);


ALTER TABLE public.orcamentos_orcamentomodulo OWNER TO postgres;

--
-- Name: orcamentos_orcamentomodulo_id_seq; Type: SEQUENCE; Schema: public; Owner: postgres
--

ALTER TABLE public.orcamentos_orcamentomodulo ALTER COLUMN id ADD GENERATED BY DEFAULT AS IDENTITY (
    SEQUENCE NAME public.orcamentos_orcamentomodulo_id_seq
    START WITH 1
    INCREMENT BY 1
    NO MINVALUE
    NO MAXVALUE
    CACHE 1
);


--
-- Name: produtos_acessorio; Type: TABLE; Schema: public; Owner: postgres
--

CREATE TABLE public.produtos_acessorio (
    id bigint NOT NULL,
    created_at timestamp with time zone NOT NULL,
    updated_at timestamp with time zone NOT NULL,
    nome character varying(100) NOT NULL,
    descricao text,
    ativo boolean NOT NULL,
    imagem_principal character varying(100),
    imagem_secundaria character varying(100),
    preco numeric(10,2),
    ref_acessorio character varying(50) NOT NULL,
    created_by_id bigint,
    updated_by_id bigint
);


ALTER TABLE public.produtos_acessorio OWNER TO postgres;

--
-- Name: produtos_acessorio_id_seq; Type: SEQUENCE; Schema: public; Owner: postgres
--

ALTER TABLE public.produtos_acessorio ALTER COLUMN id ADD GENERATED BY DEFAULT AS IDENTITY (
    SEQUENCE NAME public.produtos_acessorio_id_seq
    START WITH 1
    INCREMENT BY 1
    NO MINVALUE
    NO MAXVALUE
    CACHE 1
);


--
-- Name: produtos_acessorio_produtos_vinculados; Type: TABLE; Schema: public; Owner: postgres
--

CREATE TABLE public.produtos_acessorio_produtos_vinculados (
    id bigint NOT NULL,
    acessorio_id bigint NOT NULL,
    produto_id bigint NOT NULL
);


ALTER TABLE public.produtos_acessorio_produtos_vinculados OWNER TO postgres;

--
-- Name: produtos_acessorio_produtos_vinculados_id_seq; Type: SEQUENCE; Schema: public; Owner: postgres
--

ALTER TABLE public.produtos_acessorio_produtos_vinculados ALTER COLUMN id ADD GENERATED BY DEFAULT AS IDENTITY (
    SEQUENCE NAME public.produtos_acessorio_produtos_vinculados_id_seq
    START WITH 1
    INCREMENT BY 1
    NO MINVALUE
    NO MAXVALUE
    CACHE 1
);


--
-- Name: produtos_almofada; Type: TABLE; Schema: public; Owner: postgres
--

CREATE TABLE public.produtos_almofada (
    id bigint NOT NULL,
    created_at timestamp with time zone NOT NULL,
    updated_at timestamp with time zone NOT NULL,
    ref_almofada character varying(50) NOT NULL,
    nome character varying(100) NOT NULL,
    largura numeric(10,2) NOT NULL,
    altura numeric(10,2) NOT NULL,
    tecido_metros numeric(10,2) NOT NULL,
    volume_m3 numeric(10,3) NOT NULL,
    peso_kg numeric(10,2) NOT NULL,
    preco numeric(10,2) NOT NULL,
    ativo boolean NOT NULL,
    imagem_principal character varying(100),
    imagem_secundaria character varying(100),
    descricao text,
    created_by_id bigint,
    updated_by_id bigint
);


ALTER TABLE public.produtos_almofada OWNER TO postgres;

--
-- Name: produtos_almofada_id_seq; Type: SEQUENCE; Schema: public; Owner: postgres
--

ALTER TABLE public.produtos_almofada ALTER COLUMN id ADD GENERATED BY DEFAULT AS IDENTITY (
    SEQUENCE NAME public.produtos_almofada_id_seq
    START WITH 1
    INCREMENT BY 1
    NO MINVALUE
    NO MAXVALUE
    CACHE 1
);


--
-- Name: produtos_banqueta; Type: TABLE; Schema: public; Owner: postgres
--

CREATE TABLE public.produtos_banqueta (
    id bigint NOT NULL,
    created_at timestamp with time zone NOT NULL,
    updated_at timestamp with time zone NOT NULL,
    ref_banqueta character varying(50) NOT NULL,
    nome character varying(100) NOT NULL,
    largura numeric(10,2) NOT NULL,
    profundidade numeric(10,2) NOT NULL,
    altura numeric(10,2) NOT NULL,
    tecido_metros numeric(10,2) NOT NULL,
    volume_m3 numeric(10,3) NOT NULL,
    peso_kg numeric(10,2) NOT NULL,
    preco numeric(10,2) NOT NULL,
    ativo boolean NOT NULL,
    imagem_principal character varying(100),
    imagem_secundaria character varying(100),
    descricao text,
    created_by_id bigint,
    updated_by_id bigint
);


ALTER TABLE public.produtos_banqueta OWNER TO postgres;

--
-- Name: produtos_banqueta_id_seq; Type: SEQUENCE; Schema: public; Owner: postgres
--

ALTER TABLE public.produtos_banqueta ALTER COLUMN id ADD GENERATED BY DEFAULT AS IDENTITY (
    SEQUENCE NAME public.produtos_banqueta_id_seq
    START WITH 1
    INCREMENT BY 1
    NO MINVALUE
    NO MAXVALUE
    CACHE 1
);


--
-- Name: produtos_cadeira; Type: TABLE; Schema: public; Owner: postgres
--

CREATE TABLE public.produtos_cadeira (
    id bigint NOT NULL,
    created_at timestamp with time zone NOT NULL,
    updated_at timestamp with time zone NOT NULL,
    ref_cadeira character varying(50) NOT NULL,
    nome character varying(100) NOT NULL,
    largura numeric(10,2) NOT NULL,
    profundidade numeric(10,2) NOT NULL,
    altura numeric(10,2) NOT NULL,
    tecido_metros numeric(10,2) NOT NULL,
    volume_m3 numeric(10,3) NOT NULL,
    peso_kg numeric(10,2) NOT NULL,
    preco numeric(10,2) NOT NULL,
    ativo boolean NOT NULL,
    imagem_principal character varying(100),
    imagem_secundaria character varying(100),
    descricao text,
    created_by_id bigint,
    updated_by_id bigint,
    tem_cor_tecido boolean NOT NULL
);


ALTER TABLE public.produtos_cadeira OWNER TO postgres;

--
-- Name: produtos_cadeira_id_seq; Type: SEQUENCE; Schema: public; Owner: postgres
--

ALTER TABLE public.produtos_cadeira ALTER COLUMN id ADD GENERATED BY DEFAULT AS IDENTITY (
    SEQUENCE NAME public.produtos_cadeira_id_seq
    START WITH 1
    INCREMENT BY 1
    NO MINVALUE
    NO MAXVALUE
    CACHE 1
);


--
-- Name: produtos_faixatecido; Type: TABLE; Schema: public; Owner: postgres
--

CREATE TABLE public.produtos_faixatecido (
    id bigint NOT NULL,
    created_at timestamp with time zone NOT NULL,
    updated_at timestamp with time zone NOT NULL,
    nome character varying(100) NOT NULL,
    valor_minimo numeric(10,2) NOT NULL,
    valor_maximo numeric(10,2) NOT NULL,
    created_by_id bigint,
    updated_by_id bigint
);


ALTER TABLE public.produtos_faixatecido OWNER TO postgres;

--
-- Name: produtos_faixatecido_id_seq; Type: SEQUENCE; Schema: public; Owner: postgres
--

ALTER TABLE public.produtos_faixatecido ALTER COLUMN id ADD GENERATED BY DEFAULT AS IDENTITY (
    SEQUENCE NAME public.produtos_faixatecido_id_seq
    START WITH 1
    INCREMENT BY 1
    NO MINVALUE
    NO MAXVALUE
    CACHE 1
);


--
-- Name: produtos_item; Type: TABLE; Schema: public; Owner: postgres
--

CREATE TABLE public.produtos_item (
    id bigint NOT NULL,
    created_at timestamp with time zone NOT NULL,
    updated_at timestamp with time zone NOT NULL,
    ref_produto character varying(50) NOT NULL,
    nome_produto character varying(200) NOT NULL,
    ativo boolean NOT NULL,
    tem_cor_tecido boolean NOT NULL,
    tem_difer_desenho_lado_dir_esq boolean NOT NULL,
    tem_difer_desenho_tamanho boolean NOT NULL,
    id_tipo_produto_id bigint NOT NULL,
    imagem_principal character varying(100),
    descricao_acessorio text,
    imagem_secundaria character varying(100),
    preco_acessorio numeric(10,2),
    created_by_id bigint,
    updated_by_id bigint
);


ALTER TABLE public.produtos_item OWNER TO postgres;

--
-- Name: produtos_item_id_seq; Type: SEQUENCE; Schema: public; Owner: postgres
--

ALTER TABLE public.produtos_item ALTER COLUMN id ADD GENERATED BY DEFAULT AS IDENTITY (
    SEQUENCE NAME public.produtos_item_id_seq
    START WITH 1
    INCREMENT BY 1
    NO MINVALUE
    NO MAXVALUE
    CACHE 1
);


--
-- Name: produtos_item_produtos_vinculados; Type: TABLE; Schema: public; Owner: postgres
--

CREATE TABLE public.produtos_item_produtos_vinculados (
    id bigint NOT NULL,
    from_item_id bigint NOT NULL,
    to_item_id bigint NOT NULL
);


ALTER TABLE public.produtos_item_produtos_vinculados OWNER TO postgres;

--
-- Name: produtos_item_produtos_vinculados_id_seq; Type: SEQUENCE; Schema: public; Owner: postgres
--

ALTER TABLE public.produtos_item_produtos_vinculados ALTER COLUMN id ADD GENERATED BY DEFAULT AS IDENTITY (
    SEQUENCE NAME public.produtos_item_produtos_vinculados_id_seq
    START WITH 1
    INCREMENT BY 1
    NO MINVALUE
    NO MAXVALUE
    CACHE 1
);


--
-- Name: produtos_linha; Type: TABLE; Schema: public; Owner: postgres
--

CREATE TABLE public.produtos_linha (
    id bigint NOT NULL,
    created_at timestamp with time zone NOT NULL,
    updated_at timestamp with time zone NOT NULL,
    nome character varying(100) NOT NULL,
    descricao text,
    created_by_id bigint,
    updated_by_id bigint
);


ALTER TABLE public.produtos_linha OWNER TO postgres;

--
-- Name: produtos_linha_id_seq; Type: SEQUENCE; Schema: public; Owner: postgres
--

ALTER TABLE public.produtos_linha ALTER COLUMN id ADD GENERATED BY DEFAULT AS IDENTITY (
    SEQUENCE NAME public.produtos_linha_id_seq
    START WITH 1
    INCREMENT BY 1
    NO MINVALUE
    NO MAXVALUE
    CACHE 1
);


--
-- Name: produtos_modulo; Type: TABLE; Schema: public; Owner: postgres
--

CREATE TABLE public.produtos_modulo (
    id bigint NOT NULL,
    created_at timestamp with time zone NOT NULL,
    updated_at timestamp with time zone NOT NULL,
    nome character varying(100) NOT NULL,
    produto_id bigint NOT NULL,
    imagem_principal character varying(100),
    altura numeric(10,2),
    braco numeric(10,2),
    descricao text,
    profundidade numeric(10,2),
    imagem_secundaria character varying(100),
    created_by_id bigint,
    updated_by_id bigint
);


ALTER TABLE public.produtos_modulo OWNER TO postgres;

--
-- Name: produtos_modulo_id_seq; Type: SEQUENCE; Schema: public; Owner: postgres
--

ALTER TABLE public.produtos_modulo ALTER COLUMN id ADD GENERATED BY DEFAULT AS IDENTITY (
    SEQUENCE NAME public.produtos_modulo_id_seq
    START WITH 1
    INCREMENT BY 1
    NO MINVALUE
    NO MAXVALUE
    CACHE 1
);


--
-- Name: produtos_poltrona; Type: TABLE; Schema: public; Owner: postgres
--

CREATE TABLE public.produtos_poltrona (
    id bigint NOT NULL,
    created_at timestamp with time zone NOT NULL,
    updated_at timestamp with time zone NOT NULL,
    ref_poltrona character varying(50) NOT NULL,
    nome character varying(100) NOT NULL,
    largura numeric(10,2) NOT NULL,
    profundidade numeric(10,2) NOT NULL,
    altura numeric(10,2) NOT NULL,
    tecido_metros numeric(10,2) NOT NULL,
    volume_m3 numeric(10,3) NOT NULL,
    peso_kg numeric(10,2) NOT NULL,
    preco numeric(10,2) NOT NULL,
    ativo boolean NOT NULL,
    imagem_principal character varying(100),
    imagem_secundaria character varying(100),
    descricao text,
    created_by_id bigint,
    updated_by_id bigint,
    tem_cor_tecido boolean NOT NULL
);


ALTER TABLE public.produtos_poltrona OWNER TO postgres;

--
-- Name: produtos_poltrona_id_seq; Type: SEQUENCE; Schema: public; Owner: postgres
--

ALTER TABLE public.produtos_poltrona ALTER COLUMN id ADD GENERATED BY DEFAULT AS IDENTITY (
    SEQUENCE NAME public.produtos_poltrona_id_seq
    START WITH 1
    INCREMENT BY 1
    NO MINVALUE
    NO MAXVALUE
    CACHE 1
);


--
-- Name: produtos_precosbase; Type: TABLE; Schema: public; Owner: postgres
--

CREATE TABLE public.produtos_precosbase (
    id bigint NOT NULL,
    created_at timestamp with time zone NOT NULL,
    updated_at timestamp with time zone NOT NULL,
    data_inic_vigencia date NOT NULL,
    preco_base numeric(10,2) NOT NULL,
    id_faixa_tecido_id bigint NOT NULL,
    id_item_id bigint NOT NULL,
    created_by_id bigint,
    updated_by_id bigint
);


ALTER TABLE public.produtos_precosbase OWNER TO postgres;

--
-- Name: produtos_precosbase_id_seq; Type: SEQUENCE; Schema: public; Owner: postgres
--

ALTER TABLE public.produtos_precosbase ALTER COLUMN id ADD GENERATED BY DEFAULT AS IDENTITY (
    SEQUENCE NAME public.produtos_precosbase_id_seq
    START WITH 1
    INCREMENT BY 1
    NO MINVALUE
    NO MAXVALUE
    CACHE 1
);


--
-- Name: produtos_produto; Type: TABLE; Schema: public; Owner: postgres
--

CREATE TABLE public.produtos_produto (
    id bigint NOT NULL,
    created_at timestamp with time zone NOT NULL,
    updated_at timestamp with time zone NOT NULL,
    ref_produto character varying(50) NOT NULL,
    nome_produto character varying(200) NOT NULL,
    ativo boolean NOT NULL,
    imagem_principal character varying(100),
    imagem_secundaria character varying(100),
    created_by_id bigint,
    id_tipo_produto_id bigint NOT NULL,
    updated_by_id bigint,
    tem_cor_tecido boolean NOT NULL,
    tem_difer_desenho_lado_dir_esq boolean NOT NULL,
    tem_difer_desenho_tamanho boolean NOT NULL
);


ALTER TABLE public.produtos_produto OWNER TO postgres;

--
-- Name: produtos_produto_id_seq; Type: SEQUENCE; Schema: public; Owner: postgres
--

ALTER TABLE public.produtos_produto ALTER COLUMN id ADD GENERATED BY DEFAULT AS IDENTITY (
    SEQUENCE NAME public.produtos_produto_id_seq
    START WITH 1
    INCREMENT BY 1
    NO MINVALUE
    NO MAXVALUE
    CACHE 1
);


--
-- Name: produtos_produtoacessorio; Type: TABLE; Schema: public; Owner: postgres
--

CREATE TABLE public.produtos_produtoacessorio (
    id bigint NOT NULL,
    created_at timestamp with time zone NOT NULL,
    updated_at timestamp with time zone NOT NULL,
    quantidade integer NOT NULL,
    observacoes text,
    acessorio_id bigint NOT NULL,
    created_by_id bigint,
    produto_id bigint NOT NULL,
    updated_by_id bigint,
    CONSTRAINT produtos_produtoacessorio_quantidade_check CHECK ((quantidade >= 0))
);


ALTER TABLE public.produtos_produtoacessorio OWNER TO postgres;

--
-- Name: produtos_produtoacessorio_id_seq; Type: SEQUENCE; Schema: public; Owner: postgres
--

ALTER TABLE public.produtos_produtoacessorio ALTER COLUMN id ADD GENERATED BY DEFAULT AS IDENTITY (
    SEQUENCE NAME public.produtos_produtoacessorio_id_seq
    START WITH 1
    INCREMENT BY 1
    NO MINVALUE
    NO MAXVALUE
    CACHE 1
);


--
-- Name: produtos_produtovariacao; Type: TABLE; Schema: public; Owner: postgres
--

CREATE TABLE public.produtos_produtovariacao (
    id bigint NOT NULL,
    created_at timestamp with time zone NOT NULL,
    updated_at timestamp with time zone NOT NULL,
    tamanho character varying(100),
    cor character varying(100),
    material character varying(100),
    atributos_especificos jsonb NOT NULL,
    preco numeric(10,2),
    estoque integer NOT NULL,
    ativo boolean NOT NULL,
    created_by_id bigint,
    produto_id bigint NOT NULL,
    updated_by_id bigint,
    CONSTRAINT produtos_produtovariacao_estoque_check CHECK ((estoque >= 0))
);


ALTER TABLE public.produtos_produtovariacao OWNER TO postgres;

--
-- Name: produtos_produtovariacao_id_seq; Type: SEQUENCE; Schema: public; Owner: postgres
--

ALTER TABLE public.produtos_produtovariacao ALTER COLUMN id ADD GENERATED BY DEFAULT AS IDENTITY (
    SEQUENCE NAME public.produtos_produtovariacao_id_seq
    START WITH 1
    INCREMENT BY 1
    NO MINVALUE
    NO MAXVALUE
    CACHE 1
);


--
-- Name: produtos_pufe; Type: TABLE; Schema: public; Owner: postgres
--

CREATE TABLE public.produtos_pufe (
    id bigint NOT NULL,
    created_at timestamp with time zone NOT NULL,
    updated_at timestamp with time zone NOT NULL,
    ref_pufe character varying(50) NOT NULL,
    nome character varying(100) NOT NULL,
    largura numeric(10,2) NOT NULL,
    profundidade numeric(10,2) NOT NULL,
    altura numeric(10,2) NOT NULL,
    tecido_metros numeric(10,2) NOT NULL,
    volume_m3 numeric(10,3) NOT NULL,
    peso_kg numeric(10,2) NOT NULL,
    preco numeric(10,2) NOT NULL,
    ativo boolean NOT NULL,
    imagem_principal character varying(100),
    imagem_secundaria character varying(100),
    descricao text,
    created_by_id bigint,
    updated_by_id bigint
);


ALTER TABLE public.produtos_pufe OWNER TO postgres;

--
-- Name: produtos_pufe_id_seq; Type: SEQUENCE; Schema: public; Owner: postgres
--

ALTER TABLE public.produtos_pufe ALTER COLUMN id ADD GENERATED BY DEFAULT AS IDENTITY (
    SEQUENCE NAME public.produtos_pufe_id_seq
    START WITH 1
    INCREMENT BY 1
    NO MINVALUE
    NO MAXVALUE
    CACHE 1
);


--
-- Name: produtos_sofaacessorio; Type: TABLE; Schema: public; Owner: postgres
--

CREATE TABLE public.produtos_sofaacessorio (
    id bigint NOT NULL,
    created_at timestamp with time zone NOT NULL,
    updated_at timestamp with time zone NOT NULL,
    quantidade integer NOT NULL,
    observacoes text,
    acessorio_id bigint NOT NULL,
    created_by_id bigint,
    sofa_id bigint NOT NULL,
    updated_by_id bigint,
    CONSTRAINT produtos_sofaacessorio_quantidade_check CHECK ((quantidade >= 0))
);


ALTER TABLE public.produtos_sofaacessorio OWNER TO postgres;

--
-- Name: produtos_sofaacessorio_id_seq; Type: SEQUENCE; Schema: public; Owner: postgres
--

ALTER TABLE public.produtos_sofaacessorio ALTER COLUMN id ADD GENERATED BY DEFAULT AS IDENTITY (
    SEQUENCE NAME public.produtos_sofaacessorio_id_seq
    START WITH 1
    INCREMENT BY 1
    NO MINVALUE
    NO MAXVALUE
    CACHE 1
);


--
-- Name: produtos_tamanhosmodulos; Type: TABLE; Schema: public; Owner: postgres
--

CREATE TABLE public.produtos_tamanhosmodulos (
    id bigint NOT NULL,
    created_at timestamp with time zone NOT NULL,
    updated_at timestamp with time zone NOT NULL,
    tamanho character varying(50) NOT NULL,
    id_modulo_id bigint NOT NULL,
    created_by_id bigint,
    updated_by_id bigint
);


ALTER TABLE public.produtos_tamanhosmodulos OWNER TO postgres;

--
-- Name: produtos_tamanhosmodulos_id_seq; Type: SEQUENCE; Schema: public; Owner: postgres
--

ALTER TABLE public.produtos_tamanhosmodulos ALTER COLUMN id ADD GENERATED BY DEFAULT AS IDENTITY (
    SEQUENCE NAME public.produtos_tamanhosmodulos_id_seq
    START WITH 1
    INCREMENT BY 1
    NO MINVALUE
    NO MAXVALUE
    CACHE 1
);


--
-- Name: produtos_tamanhosmodulosdetalhado; Type: TABLE; Schema: public; Owner: postgres
--

CREATE TABLE public.produtos_tamanhosmodulosdetalhado (
    id bigint NOT NULL,
    created_at timestamp with time zone NOT NULL,
    updated_at timestamp with time zone NOT NULL,
    descricao text,
    id_modulo_id bigint NOT NULL,
    largura_assento numeric(10,2),
    largura_total numeric(10,2),
    peso_kg numeric(10,2),
    preco numeric(10,2),
    tecido_metros numeric(10,2),
    volume_m3 numeric(10,3),
    created_by_id bigint,
    updated_by_id bigint
);


ALTER TABLE public.produtos_tamanhosmodulosdetalhado OWNER TO postgres;

--
-- Name: produtos_tamanhosmodulosdetalhado_id_seq; Type: SEQUENCE; Schema: public; Owner: postgres
--

ALTER TABLE public.produtos_tamanhosmodulosdetalhado ALTER COLUMN id ADD GENERATED BY DEFAULT AS IDENTITY (
    SEQUENCE NAME public.produtos_tamanhosmodulosdetalhado_id_seq
    START WITH 1
    INCREMENT BY 1
    NO MINVALUE
    NO MAXVALUE
    CACHE 1
);


--
-- Name: produtos_tipoitem; Type: TABLE; Schema: public; Owner: postgres
--

CREATE TABLE public.produtos_tipoitem (
    id bigint NOT NULL,
    created_at timestamp with time zone NOT NULL,
    updated_at timestamp with time zone NOT NULL,
    nome character varying(100) NOT NULL,
    created_by_id bigint,
    updated_by_id bigint
);


ALTER TABLE public.produtos_tipoitem OWNER TO postgres;

--
-- Name: produtos_tipoitem_id_seq; Type: SEQUENCE; Schema: public; Owner: postgres
--

ALTER TABLE public.produtos_tipoitem ALTER COLUMN id ADD GENERATED BY DEFAULT AS IDENTITY (
    SEQUENCE NAME public.produtos_tipoitem_id_seq
    START WITH 1
    INCREMENT BY 1
    NO MINVALUE
    NO MAXVALUE
    CACHE 1
);


--
-- Data for Name: auth_group; Type: TABLE DATA; Schema: public; Owner: postgres
--

COPY public.auth_group (id, name) FROM stdin;
\.


--
-- Data for Name: auth_group_permissions; Type: TABLE DATA; Schema: public; Owner: postgres
--

COPY public.auth_group_permissions (id, group_id, permission_id) FROM stdin;
\.


--
-- Data for Name: auth_permission; Type: TABLE DATA; Schema: public; Owner: postgres
--

COPY public.auth_permission (id, name, content_type_id, codename) FROM stdin;
1	Can add log entry	1	add_logentry
2	Can change log entry	1	change_logentry
3	Can delete log entry	1	delete_logentry
4	Can view log entry	1	view_logentry
5	Can add permission	2	add_permission
6	Can change permission	2	change_permission
7	Can delete permission	2	delete_permission
8	Can view permission	2	view_permission
9	Can add group	3	add_group
10	Can change group	3	change_group
11	Can delete group	3	delete_group
12	Can view group	3	view_group
13	Can add content type	4	add_contenttype
14	Can change content type	4	change_contenttype
15	Can delete content type	4	delete_contenttype
16	Can view content type	4	view_contenttype
17	Can add session	5	add_session
18	Can change session	5	change_session
19	Can delete session	5	delete_session
20	Can view session	5	view_session
21	Can add Usuário	6	add_customuser
22	Can change Usuário	6	change_customuser
23	Can delete Usuário	6	delete_customuser
24	Can view Usuário	6	view_customuser
25	Can add Acessório	7	add_acessorio
26	Can change Acessório	7	change_acessorio
27	Can delete Acessório	7	delete_acessorio
28	Can view Acessório	7	view_acessorio
29	Can add Faixa de Tecido	8	add_faixatecido
30	Can change Faixa de Tecido	8	change_faixatecido
31	Can delete Faixa de Tecido	8	delete_faixatecido
32	Can view Faixa de Tecido	8	view_faixatecido
33	Can add Linha	9	add_linha
34	Can change Linha	9	change_linha
35	Can delete Linha	9	delete_linha
36	Can view Linha	9	view_linha
37	Can add Tipo de Item	10	add_tipoitem
38	Can change Tipo de Item	10	change_tipoitem
39	Can delete Tipo de Item	10	delete_tipoitem
40	Can view Tipo de Item	10	view_tipoitem
41	Can add Item (Deprecated)	11	add_item
42	Can change Item (Deprecated)	11	change_item
43	Can delete Item (Deprecated)	11	delete_item
44	Can view Item (Deprecated)	11	view_item
45	Can add Módulo	12	add_modulo
46	Can change Módulo	12	change_modulo
47	Can delete Módulo	12	delete_modulo
48	Can view Módulo	12	view_modulo
49	Can add Preço Base	13	add_precosbase
50	Can change Preço Base	13	change_precosbase
51	Can delete Preço Base	13	delete_precosbase
52	Can view Preço Base	13	view_precosbase
53	Can add Tamanho do Módulo	14	add_tamanhosmodulos
54	Can change Tamanho do Módulo	14	change_tamanhosmodulos
55	Can delete Tamanho do Módulo	14	delete_tamanhosmodulos
56	Can view Tamanho do Módulo	14	view_tamanhosmodulos
57	Can add Tamanho Detalhado do Módulo	15	add_tamanhosmodulosdetalhado
58	Can change Tamanho Detalhado do Módulo	15	change_tamanhosmodulosdetalhado
59	Can delete Tamanho Detalhado do Módulo	15	delete_tamanhosmodulosdetalhado
60	Can view Tamanho Detalhado do Módulo	15	view_tamanhosmodulosdetalhado
61	Can add Banqueta	16	add_banqueta
62	Can change Banqueta	16	change_banqueta
63	Can delete Banqueta	16	delete_banqueta
64	Can view Banqueta	16	view_banqueta
65	Can add Cadeira	17	add_cadeira
66	Can change Cadeira	17	change_cadeira
67	Can delete Cadeira	17	delete_cadeira
68	Can view Cadeira	17	view_cadeira
69	Can add Pufe	18	add_pufe
70	Can change Pufe	18	change_pufe
71	Can delete Pufe	18	delete_pufe
72	Can view Pufe	18	view_pufe
73	Can add Poltrona	19	add_poltrona
74	Can change Poltrona	19	change_poltrona
75	Can delete Poltrona	19	delete_poltrona
76	Can view Poltrona	19	view_poltrona
77	Can add Almofada	20	add_almofada
78	Can change Almofada	20	change_almofada
79	Can delete Almofada	20	delete_almofada
80	Can view Almofada	20	view_almofada
81	Can add Produto	21	add_produto
82	Can change Produto	21	change_produto
83	Can delete Produto	21	delete_produto
84	Can view Produto	21	view_produto
85	Can add Cliente	22	add_cliente
86	Can change Cliente	22	change_cliente
87	Can delete Cliente	22	delete_cliente
88	Can view Cliente	22	view_cliente
89	Can add Faixa de Preço	23	add_faixapreco
90	Can change Faixa de Preço	23	change_faixapreco
91	Can delete Faixa de Preço	23	delete_faixapreco
92	Can view Faixa de Preço	23	view_faixapreco
93	Can add Forma de Pagamento	24	add_formapagamento
94	Can change Forma de Pagamento	24	change_formapagamento
95	Can delete Forma de Pagamento	24	delete_formapagamento
96	Can view Forma de Pagamento	24	view_formapagamento
97	Can add Orçamento	25	add_orcamento
98	Can change Orçamento	25	change_orcamento
99	Can delete Orçamento	25	delete_orcamento
100	Can view Orçamento	25	view_orcamento
101	Can add Item do Orçamento	26	add_orcamentoitem
102	Can change Item do Orçamento	26	change_orcamentoitem
103	Can delete Item do Orçamento	26	delete_orcamentoitem
104	Can view Item do Orçamento	26	view_orcamentoitem
105	Can add Módulo do Orçamento	27	add_orcamentomodulo
106	Can change Módulo do Orçamento	27	change_orcamentomodulo
107	Can delete Módulo do Orçamento	27	delete_orcamentomodulo
108	Can view Módulo do Orçamento	27	view_orcamentomodulo
109	Can add Sofá - Acessório	28	add_sofaacessorio
110	Can change Sofá - Acessório	28	change_sofaacessorio
111	Can delete Sofá - Acessório	28	delete_sofaacessorio
112	Can view Sofá - Acessório	28	view_sofaacessorio
113	Can add Produto - Acessório	29	add_produtoacessorio
114	Can change Produto - Acessório	29	change_produtoacessorio
115	Can delete Produto - Acessório	29	delete_produtoacessorio
116	Can view Produto - Acessório	29	view_produtoacessorio
117	Can add Variação de Produto	30	add_produtovariacao
118	Can change Variação de Produto	30	change_produtovariacao
119	Can delete Variação de Produto	30	delete_produtovariacao
120	Can view Variação de Produto	30	view_produtovariacao
\.


--
-- Data for Name: authentication_customuser; Type: TABLE DATA; Schema: public; Owner: postgres
--

COPY public.authentication_customuser (id, password, last_login, is_superuser, created_at, updated_at, email, first_name, last_name, is_active, is_staff, created_by_id, updated_by_id, tipo_permissao) FROM stdin;
13	pbkdf2_sha256$600000$vDFlXhvZQvH19tEHR4nbFd$b+891tDe85LX3h1UWdDsllG6cZvkgcotw80vESTEamc=	2025-08-31 00:47:43.144575+00	f	2025-08-31 00:45:52.926324+00	2025-08-31 00:47:43.032234+00	teste@dropdown.com	Teste	Dropdown	t	f	\N	\N	operador_produtos
14	pbkdf2_sha256$600000$0Qb4dzsJUx7sY5HkQpVIVm$4YBL2Of5DnSVTPJl/1X+L1OmC3PoHqeDGgoslH5w+jc=	2025-08-31 01:04:35.158732+00	f	2025-08-31 01:04:34.938649+00	2025-08-31 01:04:35.040919+00	teste@novo.com	Teste	Novo	t	f	\N	\N	operador_produtos
12	pbkdf2_sha256$600000$8UUpjlm7uttE9n3dylyPCj$q6jBLxm3jCTkztUoSDspcsRY+tjH//O05lMIhcC3tOE=	2025-08-31 20:05:07.740735+00	t	2025-08-31 00:45:05.239704+00	2025-08-31 20:05:07.728826+00	admin@test.com	Admin	Test	t	t	\N	\N	admin
15		\N	f	2025-08-31 01:05:25.501071+00	2025-08-31 01:10:59.376872+00	teste@direct.com	Teste	Direct	t	f	\N	\N	admin
4	pbkdf2_sha256$600000$3sMDD4NnF0u0pDOOhgUQdx$RaoBpvovZ2KhL9o4nleP+KixLwNvABplbGGiw/5Ys/M=	\N	f	2025-08-30 17:46:07.277324+00	2025-08-31 18:17:48.876837+00	admin@teste.com	Admin	Teste	t	t	\N	\N	admin
3	pbkdf2_sha256$600000$eBsNCU6RyloARyuc85T7EW$LL27SObZ7NrkoEtzHIiZ71Q8PhjusASFBLw7d0nDAn8=	2025-08-30 18:24:08.6295+00	t	2025-08-06 21:14:53.353073+00	2025-08-30 18:15:38.659223+00	teste@teste.com	f	f	t	t	\N	\N	admin
1	pbkdf2_sha256$600000$hZXSU6t0BgxjwUtNkOLKSY$BGvNG2QgJ+8d1IQR+9l++m/luLGfCz7kxAQD2wQzdJo=	2025-09-03 21:08:06.516512+00	t	2025-08-06 02:34:51.91913+00	2025-08-30 17:44:29.369709+00	matas@meitans.shop	matheus	a	t	t	\N	\N	admin
2	pbkdf2_sha256$600000$9371XFBSKjtDliOe4nmGi1$jYk37nqIq8UHiN03RS8KCC8TduIdBdgZojd/WSWHMq0=	2025-09-04 06:03:19.209937+00	t	2025-08-06 02:39:58.507415+00	2025-08-06 02:39:58.507428+00	admin@essere.com	Admin	Sistema	t	t	\N	\N	master
\.


--
-- Data for Name: authentication_customuser_groups; Type: TABLE DATA; Schema: public; Owner: postgres
--

COPY public.authentication_customuser_groups (id, customuser_id, group_id) FROM stdin;
\.


--
-- Data for Name: authentication_customuser_user_permissions; Type: TABLE DATA; Schema: public; Owner: postgres
--

COPY public.authentication_customuser_user_permissions (id, customuser_id, permission_id) FROM stdin;
\.


--
-- Data for Name: clientes_cliente; Type: TABLE DATA; Schema: public; Owner: postgres
--

COPY public.clientes_cliente (id, nome_empresa, representante, cnpj, inscricao_estadual, inscricao_municipal, logradouro, numero, complemento, bairro, cidade, estado, cep, telefone, email, banco, agencia, conta_corrente, created_at, updated_at, created_by_id, updated_by_id) FROM stdin;
1	teste	teste2	12.312.312/3123-12	rs	rs	asdadas	123	asdasd	asdasda	asdasdas	RS	12312-312	12222334411	asdasd@asdasd.com	\N	\N	\N	2025-08-30 16:52:43.610273+00	2025-08-30 16:52:43.610285+00	2	2
\.


--
-- Data for Name: django_admin_log; Type: TABLE DATA; Schema: public; Owner: postgres
--

COPY public.django_admin_log (id, action_time, object_id, object_repr, action_flag, change_message, content_type_id, user_id) FROM stdin;
1	2025-08-06 02:40:44.637564+00	1	Sofás	1	[{"added": {}}]	10	2
2	2025-08-06 02:41:54.245289+00	2	Almofadas	1	[{"added": {}}]	10	2
3	2025-08-06 02:41:58.700388+00	3	Cadeiras	1	[{"added": {}}]	10	2
4	2025-08-06 02:42:01.726026+00	4	Pufes	1	[{"added": {}}]	10	2
5	2025-08-06 02:42:06.932416+00	5	Poltronas	1	[{"added": {}}]	10	2
6	2025-08-06 02:42:21.839919+00	6	Acessórios	1	[{"added": {}}]	10	2
7	2025-08-06 02:42:26.646622+00	7	Banquetas	1	[{"added": {}}]	10	2
8	2025-08-30 04:46:18.929216+00	4	SF939 - LE COULTRE	3		21	2
9	2025-08-30 04:46:18.934027+00	3	SF982 - Big Boss	3		21	2
10	2025-08-30 04:46:31.143998+00	9	Sofá	3		10	2
11	2025-08-30 16:53:28.371496+00	1	Padrao (1.0x)	1	[{"added": {}}]	23	2
12	2025-08-30 16:53:35.314033+00	1	Pix	1	[{"added": {}}]	24	2
13	2025-09-04 03:25:49.525652+00	4	AC44 - Carregador por Indução	3		7	2
14	2025-09-04 03:25:49.529734+00	5	AC45 - Luminária	3		7	2
15	2025-09-04 03:25:49.530773+00	6	AC48 - Torre USB	3		7	2
16	2025-09-04 03:25:49.531813+00	40	ACC001 - Almofada Decorativa Premium	3		7	2
17	2025-09-04 03:25:49.532804+00	41	ACC002 - Manta de Sofá Luxo	3		7	2
18	2025-09-04 03:25:49.533844+00	42	ACC003 - Suporte para Copos	3		7	2
19	2025-09-04 03:25:49.534844+00	7	DASDASD - asdas	3		7	2
20	2025-09-04 03:25:57.567454+00	6	AL01 - COM MOLDURA	3		20	2
21	2025-09-04 03:25:57.57011+00	10	AL05 - COM ABAS	3		20	2
22	2025-09-04 03:25:57.571122+00	8	AL06 - PASTEL	3		20	2
23	2025-09-04 03:25:57.572141+00	7	AL07 - COM APOIO	3		20	2
24	2025-09-04 03:25:57.573251+00	9	AL08 - LOMBAR	3		20	2
25	2025-09-04 03:26:04.123485+00	6	BQ13 - CERES	3		16	2
26	2025-09-04 03:26:04.125651+00	7	BQ249 - GIO	3		16	2
27	2025-09-04 03:26:04.126706+00	9	BQ250 - IAN	3		16	2
28	2025-09-04 03:26:04.12782+00	10	BQ251 - MET	3		16	2
29	2025-09-04 03:26:04.128853+00	8	BQ278 - GIO GIRATÓRIA	3		16	2
30	2025-09-04 03:26:10.043095+00	6	CD01 - EVA	3		17	2
31	2025-09-04 03:26:10.045787+00	10	CD210 - KIA	3		17	2
32	2025-09-04 03:26:10.046872+00	7	CD24 - EVA BR	3		17	2
33	2025-09-04 03:26:10.047876+00	8	CD267 - FIT	3		17	2
34	2025-09-04 03:26:10.049012+00	9	CD74/AC15 - FIT GIRATÓRIA	3		17	2
35	2025-09-04 03:26:26.702421+00	8	PL105 - CERNE	3		19	2
36	2025-09-04 03:26:26.704782+00	6	PL243 - ARIA	3		19	2
37	2025-09-04 03:26:26.705876+00	7	PL246 - ARISTOCRATA	3		19	2
38	2025-09-04 03:26:26.70686+00	9	PL869 - CHANEL	3		19	2
39	2025-09-04 03:26:26.707823+00	10	PL97 - CLARA	3		19	2
40	2025-09-04 03:27:14.222245+00	60	AL01 - COM MOLDURA	3		21	2
41	2025-09-04 03:27:14.224494+00	61	AL05 - COM ABAS	3		21	2
42	2025-09-04 03:27:14.225576+00	62	AL06 - PASTEL	3		21	2
43	2025-09-04 03:27:14.226572+00	63	AL07 - COM APOIO	3		21	2
44	2025-09-04 03:27:14.227601+00	64	AL08 - LOMBAR	3		21	2
45	2025-09-04 03:27:14.228768+00	45	BQ13 - CERES	3		21	2
46	2025-09-04 03:27:14.229743+00	46	BQ249 - GIO	3		21	2
47	2025-09-04 03:27:14.230644+00	47	BQ250 - IAN	3		21	2
48	2025-09-04 03:27:14.231502+00	48	BQ251 - MET	3		21	2
49	2025-09-04 03:27:14.232386+00	49	BQ278 - GIO GIRATÓRIA	3		21	2
50	2025-09-04 03:27:14.233333+00	40	CD01 - EVA	3		21	2
51	2025-09-04 03:27:14.23421+00	41	CD210 - KIA	3		21	2
52	2025-09-04 03:27:14.235119+00	42	CD24 - EVA BR	3		21	2
53	2025-09-04 03:27:14.236047+00	43	CD267 - FIT	3		21	2
54	2025-09-04 03:27:14.236897+00	44	CD74/AC15 - FIT GIRATÓRIA	3		21	2
55	2025-09-04 03:27:14.237761+00	55	PF44 - JANNET	3		21	2
56	2025-09-04 03:27:14.238676+00	56	PF44/CR - JANNET/COURO	3		21	2
57	2025-09-04 03:27:14.239642+00	57	PF44/PL - JANNET/PELO	3		21	2
58	2025-09-04 03:27:14.240551+00	58	PF44/TR - JANNET/TRAMA	3		21	2
59	2025-09-04 03:27:14.241412+00	59	PF934 - PREMIER	3		21	2
60	2025-09-04 03:27:14.242269+00	50	PL105 - CERNE	3		21	2
61	2025-09-04 03:27:14.24315+00	51	PL243 - ARIA	3		21	2
62	2025-09-04 03:27:14.244246+00	52	PL246 - ARISTOCRATA	3		21	2
63	2025-09-04 03:27:14.245378+00	53	PL869 - CHANEL	3		21	2
64	2025-09-04 03:27:14.246261+00	54	PL97 - CLARA	3		21	2
65	2025-09-04 03:27:14.24725+00	7	dasdasd - asdas	3		21	2
66	2025-09-04 04:57:35.423895+00	81	 123 - 123	3		21	2
67	2025-09-04 04:57:56.653783+00	7	PF44 - JANNET	3		18	2
68	2025-09-04 04:57:56.655845+00	9	PF44/CR - JANNET/COURO	3		18	2
69	2025-09-04 04:57:56.656897+00	8	PF44/PL - JANNET/PELO	3		18	2
70	2025-09-04 04:57:56.657924+00	10	PF44/TR - JANNET/TRAMA	3		18	2
71	2025-09-04 04:57:56.658814+00	6	PF934 - PREMIER	3		18	2
\.


--
-- Data for Name: django_content_type; Type: TABLE DATA; Schema: public; Owner: postgres
--

COPY public.django_content_type (id, app_label, model) FROM stdin;
1	admin	logentry
2	auth	permission
3	auth	group
4	contenttypes	contenttype
5	sessions	session
6	authentication	customuser
7	produtos	acessorio
8	produtos	faixatecido
9	produtos	linha
10	produtos	tipoitem
11	produtos	item
12	produtos	modulo
13	produtos	precosbase
14	produtos	tamanhosmodulos
15	produtos	tamanhosmodulosdetalhado
16	produtos	banqueta
17	produtos	cadeira
18	produtos	pufe
19	produtos	poltrona
20	produtos	almofada
21	produtos	produto
22	clientes	cliente
23	orcamentos	faixapreco
24	orcamentos	formapagamento
25	orcamentos	orcamento
26	orcamentos	orcamentoitem
27	orcamentos	orcamentomodulo
28	produtos	sofaacessorio
29	produtos	produtoacessorio
30	produtos	produtovariacao
\.


--
-- Data for Name: django_migrations; Type: TABLE DATA; Schema: public; Owner: postgres
--

COPY public.django_migrations (id, app, name, applied) FROM stdin;
1	contenttypes	0001_initial	2025-08-06 02:33:45.359821+00
2	contenttypes	0002_remove_content_type_name	2025-08-06 02:33:45.364573+00
3	auth	0001_initial	2025-08-06 02:33:45.398641+00
4	auth	0002_alter_permission_name_max_length	2025-08-06 02:33:45.402644+00
5	auth	0003_alter_user_email_max_length	2025-08-06 02:33:45.405784+00
6	auth	0004_alter_user_username_opts	2025-08-06 02:33:45.408961+00
7	auth	0005_alter_user_last_login_null	2025-08-06 02:33:45.412804+00
8	auth	0006_require_contenttypes_0002	2025-08-06 02:33:45.414732+00
9	auth	0007_alter_validators_add_error_messages	2025-08-06 02:33:45.418638+00
10	auth	0008_alter_user_username_max_length	2025-08-06 02:33:45.422006+00
11	auth	0009_alter_user_last_name_max_length	2025-08-06 02:33:45.425372+00
12	auth	0010_alter_group_name_max_length	2025-08-06 02:33:45.43136+00
13	auth	0011_update_proxy_permissions	2025-08-06 02:33:45.434955+00
14	auth	0012_alter_user_first_name_max_length	2025-08-06 02:33:45.438528+00
15	authentication	0001_initial	2025-08-06 02:33:45.474397+00
16	admin	0001_initial	2025-08-06 02:33:45.493784+00
17	admin	0002_logentry_remove_auto_add	2025-08-06 02:33:45.498472+00
18	admin	0003_logentry_add_action_flag_choices	2025-08-06 02:33:45.5031+00
19	authentication	0002_customuser_created_by_customuser_updated_by	2025-08-06 02:33:45.516961+00
20	authentication	0003_customuser_tipo_permissao	2025-08-06 02:33:45.522816+00
21	clientes	0001_initial	2025-08-06 02:33:45.535637+00
22	clientes	0002_cliente_created_by_cliente_updated_by_and_more	2025-08-06 02:33:45.576244+00
23	produtos	0001_initial	2025-08-06 02:33:45.658736+00
24	produtos	0002_modulo_peso_kg_tamanhosmodulosdetalhado	2025-08-06 02:33:45.680088+00
25	produtos	0003_remove_modulo_largura_assento_and_more	2025-08-06 02:33:45.710219+00
26	produtos	0004_item_imagem_principal_item_imagem_secundaria_and_more	2025-08-06 02:33:45.721891+00
27	produtos	0005_remove_item_id_linha_modulo_altura_modulo_braco_and_more	2025-08-06 02:33:45.753726+00
28	produtos	0006_remove_item_imagem_secundaria_and_more	2025-08-06 02:33:45.761609+00
29	produtos	0007_remove_acessorios_itens	2025-08-06 02:33:45.76934+00
30	produtos	0008_remove_altura_profundidade_from_tamanhos	2025-08-06 02:33:45.776266+00
31	produtos	0009_remove_nome_tamanho_field	2025-08-06 02:33:45.786144+00
32	produtos	0010_alter_acessorio_options_acessorio_ativo_and_more	2025-08-06 02:33:45.817187+00
33	produtos	0011_auto_20250706_0253	2025-08-06 02:33:45.826421+00
34	produtos	0012_item_descricao_acessorio_item_imagem_secundaria_and_more	2025-08-06 02:33:45.860395+00
35	produtos	0013_add_imagem_secundaria_modulo	2025-08-06 02:33:45.866678+00
36	produtos	0014_acessorio_created_by_acessorio_updated_by_and_more	2025-08-06 02:33:46.124103+00
37	produtos	0015_banqueta	2025-08-06 02:33:46.154216+00
38	produtos	0016_auto_20250706_1740	2025-08-06 02:33:46.157025+00
39	produtos	0017_cadeira	2025-08-06 02:33:46.187459+00
40	produtos	0018_alter_cadeira_nome_alter_cadeira_ref_cadeira	2025-08-06 02:33:46.212337+00
41	produtos	0019_pufe_poltrona_almofada	2025-08-06 02:33:46.306285+00
42	produtos	0020_alter_poltrona_nome_alter_poltrona_ref_poltrona	2025-08-06 02:33:46.325689+00
43	produtos	0021_add_produto_model	2025-08-06 02:33:46.381103+00
44	produtos	0022_migrar_modulos_completo	2025-08-06 02:33:46.411058+00
45	produtos	0023_produto_tem_cor_tecido_and_more	2025-08-06 02:33:46.445864+00
46	produtos	0024_alter_modulo_options_rename_item_modulo_produto	2025-08-06 02:33:46.478529+00
47	produtos	0025_cadeira_tem_cor_tecido_poltrona_tem_cor_tecido	2025-08-06 02:33:46.55785+00
48	orcamentos	0001_initial	2025-08-06 02:33:46.711765+00
49	orcamentos	0002_auto_20250708_0143	2025-08-06 02:33:46.714319+00
50	orcamentos	0003_alter_orcamento_acrescimo_percentual_and_more	2025-08-06 02:33:46.759068+00
51	sessions	0001_initial	2025-08-06 02:33:46.771664+00
52	orcamentos	0004_add_modulo_improvements	2025-08-31 17:58:45.451027+00
53	produtos	0026_add_sofa_acessorio_through_model	2025-08-31 20:31:21.751537+00
54	produtos	0027_produtovariacao_produtoacessorio	2025-08-31 21:33:43.127904+00
\.


--
-- Data for Name: django_session; Type: TABLE DATA; Schema: public; Owner: postgres
--

COPY public.django_session (session_key, session_data, expire_date) FROM stdin;
9homxamxibhxgll4fyy7nkwipwf3se72	.eJxVjDsOwjAQBe_iGlnelb-U9JwhWns3OIBsKZ8KcXeIlALaNzPvpQba1jpsi8zDxOqsUJ1-t0zlIW0HfKd267r0ts5T1ruiD7roa2d5Xg7376DSUr-14cLJxQg-O-sds4nBoDNkS0wGRitCLAAIUYQhRR-QwmgBxWAGVO8PzwI3Nw:1ujU4S:gBc07MaX5Lu9KYqz2C8F-SHmMHzSZTGxaieyOBngcDc	2025-08-20 02:40:04.786597+00
gxmzvb7wqumk29ughtv7ypdw7b1uc4r7	.eJxVjMsOwiAQRf-FtSHlPbh07zeQAQapGkhKuzL-uzbpQrf3nHNfLOC21rANWsKc2ZkJdvrdIqYHtR3kO7Zb56m3dZkj3xV-0MGvPdPzcrh_BxVH_dbOKBQIOkmvy2QLGAESFEwOvLLOW6U1OCEpupi1kQIjIUmDMsdUCrH3B6e4N1A:1usPbu:MKEyOkghIjeA__jrG8vOt1AO0n7xBEpUg1hYwqDT2D8	2025-09-13 17:43:30.945143+00
v6qd5rh5clhim9tsqzebmz6jq4h75q2k	.eJxVjMsOwiAQRf-FtSHlPbh07zeQAQapGkhKuzL-uzbpQrf3nHNfLOC21rANWsKc2ZkJdvrdIqYHtR3kO7Zb56m3dZkj3xV-0MGvPdPzcrh_BxVH_dbOKBQIOkmvy2QLGAESFEwOvLLOW6U1OCEpupi1kQIjIUmDMsdUCrH3B6e4N1A:1usPcG:D2XKcWkwa_QmtcwX2MDOozsLLzejYHjfiO5-_vkh3XY	2025-09-13 17:43:52.247384+00
i5nd3nsa9ddcd1syzowee7whske0k3i5	.eJxVjMsOwiAQRf-FtSHlPbh07zeQAQapGkhKuzL-uzbpQrf3nHNfLOC21rANWsKc2ZkJdvrdIqYHtR3kO7Zb56m3dZkj3xV-0MGvPdPzcrh_BxVH_dbOKBQIOkmvy2QLGAESFEwOvLLOW6U1OCEpupi1kQIjIUmDMsdUCrH3B6e4N1A:1usPd3:D-C2ZAVXr1gZAWsJ8WveWw5gTLFrF8bDKtEc0yO855c	2025-09-13 17:44:41.251434+00
sf74xrfkefunnixpzgnqd2nt53uztucx	.eJxVjDsOwjAQRO_iGllrr7-U9JzBWn_AAWRLcVIh7k4ipYBuNO_NvFmgdalhHWUOU2Znhuz020VKz9J2kB_U7p2n3pZ5inxX-EEHv_ZcXpfD_TuoNOq21k4YgaSzJyVvQsjsrXYSozJoE1kNW4zgrDYASADgIXkXMUqVQCP7fAGkuTYF:1usQ6i:CIo9ZoouktStgRXRInbZvgtKi_XHJqtCFs3oT_svDW8	2025-09-13 18:15:20.061596+00
4c8qsmqxn0cda4crfpqae92yu7f5abrk	.eJxVjDsOwjAQRO_iGllrr7-U9JzBWn_AAWRLcVIh7k4ipYBuNO_NvFmgdalhHWUOU2Znhuz020VKz9J2kB_U7p2n3pZ5inxX-EEHv_ZcXpfD_TuoNOq21k4YgaSzJyVvQsjsrXYSozJoE1kNW4zgrDYASADgIXkXMUqVQCP7fAGkuTYF:1usQ79:xJh38o32L8aaLoPl4CqHQS7GghAjRxCAYOBfKTdO3G4	2025-09-13 18:15:47.795044+00
kj5x69difx6t33y51d43qq2xsjntu1lh	.eJxVjDsOwjAQRO_iGllrr7-U9JzBWn_AAWRLcVIh7k4ipYBuNO_NvFmgdalhHWUOU2Znhuz020VKz9J2kB_U7p2n3pZ5inxX-EEHv_ZcXpfD_TuoNOq21k4YgaSzJyVvQsjsrXYSozJoE1kNW4zgrDYASADgIXkXMUqVQCP7fAGkuTYF:1usQBP:XVoRiPLuy4A1ELVQohaI5TXdIqzJ-GhQR3WzsvJA74E	2025-09-13 18:20:11.395579+00
mvdndr1ll9hadc3b6zhmqywv1g3f3u7d	.eJxVjDsOwjAQRO_iGllrr7-U9JzBWn_AAWRLcVIh7k4ipYBuNO_NvFmgdalhHWUOU2Znhuz020VKz9J2kB_U7p2n3pZ5inxX-EEHv_ZcXpfD_TuoNOq21k4YgaSzJyVvQsjsrXYSozJoE1kNW4zgrDYASADgIXkXMUqVQCP7fAGkuTYF:1usQDa:rFNUMLIKJtnDlZULRX6g-2XINDsJuo9TXWjDFRD1Vd8	2025-09-13 18:22:26.65618+00
nvris5tnkzfeogj76e2o9n5r99u70r6o	.eJxVjDsOwjAQRO_iGllrr7-U9JzBWn_AAWRLcVIh7k4ipYBuNO_NvFmgdalhHWUOU2Znhuz020VKz9J2kB_U7p2n3pZ5inxX-EEHv_ZcXpfD_TuoNOq21k4YgaSzJyVvQsjsrXYSozJoE1kNW4zgrDYASADgIXkXMUqVQCP7fAGkuTYF:1usQEM:Wb7e634pcuiAZFJgMLw9THytQM5ZTR-cm-tZe-42ku8	2025-09-13 18:23:14.886032+00
c02pe19cbvrzpxxmnoloai23vnc917c9	.eJxVjDsOwjAQRO_iGllrr7-U9JzBWn_AAWRLcVIh7k4ipYBuNO_NvFmgdalhHWUOU2Znhuz020VKz9J2kB_U7p2n3pZ5inxX-EEHv_ZcXpfD_TuoNOq21k4YgaSzJyVvQsjsrXYSozJoE1kNW4zgrDYASADgIXkXMUqVQCP7fAGkuTYF:1usQFE:XK4kzw8Vjz1sCYoY89G0DmSryl7GzXXlFeMkhqadMGI	2025-09-13 18:24:08.631854+00
ya2lirv79cm74l65cf9bzh8ksl10b71h	.eJxVjMsOwiAQRf-FtSHlPbh07zeQAQapGkhKuzL-uzbpQrf3nHNfLOC21rANWsKc2ZkJdvrdIqYHtR3kO7Zb56m3dZkj3xV-0MGvPdPzcrh_BxVH_dbOKBQIOkmvy2QLGAESFEwOvLLOW6U1OCEpupi1kQIjIUmDMsdUCrH3B6e4N1A:1usQJI:hSfutJThrwmetrttE0sXiaOUDzNRG32JLTLrfcwtHe0	2025-09-13 18:28:20.648214+00
ccofm2gk2iytqjg950p0cr9ihsavmuio	.eJxVjMsOwiAQRf-FtSHlPbh07zeQAQapGkhKuzL-uzbpQrf3nHNfLOC21rANWsKc2ZkJdvrdIqYHtR3kO7Zb56m3dZkj3xV-0MGvPdPzcrh_BxVH_dbOKBQIOkmvy2QLGAESFEwOvLLOW6U1OCEpupi1kQIjIUmDMsdUCrH3B6e4N1A:1usQJc:lN0w4GHcafLiIDIC1DnRp5dLFlytB6YozrDGM2XVJhI	2025-09-13 18:28:40.36753+00
skcuqk1seb6rmylh71j5wp7zr8s2u650	.eJxVjMsOwiAQRf-FtSHlPbh07zeQAQapGkhKuzL-uzbpQrf3nHNfLOC21rANWsKc2ZkJdvrdIqYHtR3kO7Zb56m3dZkj3xV-0MGvPdPzcrh_BxVH_dbOKBQIOkmvy2QLGAESFEwOvLLOW6U1OCEpupi1kQIjIUmDMsdUCrH3B6e4N1A:1usQJn:4NR4W6Tsb6cgOpvBxVnhKf5VD7a-VJiQJkGXqusXUD4	2025-09-13 18:28:51.575715+00
43bjg6t1iosn16xm25tgql2a8gq62kv9	.eJxVjDsOwjAQBe_iGlmxTZYNJT1niN7uOjiAEimfCnF3iJQC2jcz7-VarEtp1zlPbW_u7EJyh99RoI88bMTuGG6j13FYpl78pvidzv46Wn5edvfvoGAu3xpqeorKjQixsREHshS5YqKoiKCqo5QgkqVWA1LgBhlSMx8bdO79ASK3OPY:1usWEQ:HqLUWLD2j5WctkQTuESGoTU1YHPNtxEfXuz3CVRWCr8	2025-09-14 00:47:42.847771+00
ij9zis6r7kh3wlkm1s8zild8b7ic5pea	.eJxVjMsOwiAQRf-FtSHlPbh07zeQAQapGkhKuzL-uzbpQrf3nHNfLOC21rANWsKc2ZkJdvrdIqYHtR3kO7Zb56m3dZkj3xV-0MGvPdPzcrh_BxVH_dbOKBQIOkmvy2QLGAESFEwOvLLOW6U1OCEpupi1kQIjIUmDMsdUCrH3B6e4N1A:1usQKM:3Etx_Gc1dRv7YOP9Lazbj9eNGvIHr7t3gj4OUuJorY8	2025-09-13 18:29:26.54174+00
ywgi6u3hvr2mlejm3z6mb9oxjo049svy	e30:1usWVZ:bDxvRZHrRQLRBFUD3Tqelnrilcg533RSvGu2tna9qzE	2025-09-14 01:05:25.505191+00
fzod7cmrqtdvuji5tjb9kehfniqu29bz	e30:1usWar:OLfQgsJORyBhPT8n2OfD5PNcRAB_P4tHe2XEYbtwZMo	2025-09-14 01:10:53.995969+00
0k1jtstu44jgyvf7bfu1kqjrawc7h567	.eJxVjMsOwiAQRf-FtSHlPbh07zeQAQapGkhKuzL-uzbpQrf3nHNfLOC21rANWsKc2ZkJdvrdIqYHtR3kO7Zb56m3dZkj3xV-0MGvPdPzcrh_BxVH_dbOKBQIOkmvy2QLGAESFEwOvLLOW6U1OCEpupi1kQIjIUmDMsdUCrH3B6e4N1A:1usQYI:XgmIp-WyY6w1nHZ9QEHg7dFZnC68A7ec-LbIZ1QqM48	2025-09-13 18:43:50.996219+00
etoeol14imy61y7if745z7vvj2i2zpul	.eJxVjMsOwiAQRf-FtSHlPbh07zeQAQapGkhKuzL-uzbpQrf3nHNfLOC21rANWsKc2ZkJdvrdIqYHtR3kO7Zb56m3dZkj3xV-0MGvPdPzcrh_BxVH_dbOKBQIOkmvy2QLGAESFEwOvLLOW6U1OCEpupi1kQIjIUmDMsdUCrH3B6e4N1A:1usQYn:diZ1VvvACRYrU9647FhiaBWLfuvg8Ssve_s5XVa5Byo	2025-09-13 18:44:21.58267+00
n9veyq8o4tk1r28i3eazxsb6mwcs2hvb	.eJxVjMsOwiAQRf-FtSHlPbh07zeQAQapGkhKuzL-uzbpQrf3nHNfLOC21rANWsKc2ZkJdvrdIqYHtR3kO7Zb56m3dZkj3xV-0MGvPdPzcrh_BxVH_dbOKBQIOkmvy2QLGAESFEwOvLLOW6U1OCEpupi1kQIjIUmDMsdUCrH3B6e4N1A:1usQZf:Er5NwCvhSX2vShtPG225qISrTtzu7GWPcUTmLJ6qVAo	2025-09-13 18:45:15.398746+00
i30jna1csseqpjscnaqp9k6vanyr0i70	.eJxVjMsOwiAQRf-FtSHlPbh07zeQAQapGkhKuzL-uzbpQrf3nHNfLOC21rANWsKc2ZkJdvrdIqYHtR3kO7Zb56m3dZkj3xV-0MGvPdPzcrh_BxVH_dbOKBQIOkmvy2QLGAESFEwOvLLOW6U1OCEpupi1kQIjIUmDMsdUCrH3B6e4N1A:1usQaE:4EJQrQhnmoR0cjXApgRcvPrHFp8RlcPeqdaCk9MeLss	2025-09-13 18:45:50.387363+00
q9ikehz0l3pei1opa45jc395er5e9be1	.eJxVjMsOwiAQRf-FtSHlPbh07zeQAQapGkhKuzL-uzbpQrf3nHNfLOC21rANWsKc2ZkJdvrdIqYHtR3kO7Zb56m3dZkj3xV-0MGvPdPzcrh_BxVH_dbOKBQIOkmvy2QLGAESFEwOvLLOW6U1OCEpupi1kQIjIUmDMsdUCrH3B6e4N1A:1usQbS:zMPAr51qoIyTBjVPp8ZuGERdwn1pHMcRey6om1ilTYo	2025-09-13 18:47:06.483897+00
b7l22wrtzk4g655895qyv9jcpcz9huur	.eJxVjMsOwiAQRf-FtSHlPbh07zeQAQapGkhKuzL-uzbpQrf3nHNfLOC21rANWsKc2ZkJdvrdIqYHtR3kO7Zb56m3dZkj3xV-0MGvPdPzcrh_BxVH_dbOKBQIOkmvy2QLGAESFEwOvLLOW6U1OCEpupi1kQIjIUmDMsdUCrH3B6e4N1A:1usQcP:PMH9TeWaV-DN74ltmNH8iJvT_wxhOS3ZB6q6k4qtxA4	2025-09-13 18:48:05.793+00
znz4tw5rjssg6ynpssb0huwtfvbz2pdt	.eJxVjMsOwiAQRf-FtSHlPbh07zeQAQapGkhKuzL-uzbpQrf3nHNfLOC21rANWsKc2ZkJdvrdIqYHtR3kO7Zb56m3dZkj3xV-0MGvPdPzcrh_BxVH_dbOKBQIOkmvy2QLGAESFEwOvLLOW6U1OCEpupi1kQIjIUmDMsdUCrH3B6e4N1A:1usQdE:dn7JCYKTobP8Rpue7Hw589B5M1Lj0KaI69o0KeNtcr8	2025-09-13 18:48:56.455003+00
aeqv4adzr0zryvl06fr6x0i8yf3l808p	.eJxVjMsOwiAQRf-FtSHlPbh07zeQAQapGkhKuzL-uzbpQrf3nHNfLOC21rANWsKc2ZkJdvrdIqYHtR3kO7Zb56m3dZkj3xV-0MGvPdPzcrh_BxVH_dbOKBQIOkmvy2QLGAESFEwOvLLOW6U1OCEpupi1kQIjIUmDMsdUCrH3B6e4N1A:1usQe8:iuiI_L14YVyOJS_fn18Rhs2APY9yYPZxkNFJZtWncRc	2025-09-13 18:49:52.640749+00
wpsvst3qiljxa3j8lz4hkczzj37mo7kp	.eJxVjMsOwiAQRf-FtSHlPbh07zeQAQapGkhKuzL-uzbpQrf3nHNfLOC21rANWsKc2ZkJdvrdIqYHtR3kO7Zb56m3dZkj3xV-0MGvPdPzcrh_BxVH_dbOKBQIOkmvy2QLGAESFEwOvLLOW6U1OCEpupi1kQIjIUmDMsdUCrH3B6e4N1A:1usQf5:6sPGuxJEIidmIhN8B5iKj0rfSB3mi-4ZNul88q5a88Q	2025-09-13 18:50:51.904236+00
t26pn4sg4ygzkfx8k8geqsj6f8f6v7vs	.eJxVjMsOwiAQRf-FtSHlPbh07zeQAQapGkhKuzL-uzbpQrf3nHNfLOC21rANWsKc2ZkJdvrdIqYHtR3kO7Zb56m3dZkj3xV-0MGvPdPzcrh_BxVH_dbOKBQIOkmvy2QLGAESFEwOvLLOW6U1OCEpupi1kQIjIUmDMsdUCrH3B6e4N1A:1usQfg:uydFHEPD3RvLbefvYA9iomTnh-OMIRvimzJzQohrlno	2025-09-13 18:51:28.687809+00
9t3rvb8rjc1i2pl19gnu8u0epkk23fuj	.eJxVjMsOwiAQRf-FtSHlPbh07zeQAQapGkhKuzL-uzbpQrf3nHNfLOC21rANWsKc2ZkJdvrdIqYHtR3kO7Zb56m3dZkj3xV-0MGvPdPzcrh_BxVH_dbOKBQIOkmvy2QLGAESFEwOvLLOW6U1OCEpupi1kQIjIUmDMsdUCrH3B6e4N1A:1usQgn:offkEnHYm_GuEtAa3tzDs1z5GOgZ0eJncZc5SqS9PGM	2025-09-13 18:52:37.241531+00
brxbgu3mrytsteqc4bvqgyb7xadkl5cv	.eJxVjMsOwiAQRf-FtSHlPbh07zeQAQapGkhKuzL-uzbpQrf3nHNfLOC21rANWsKc2ZkJdvrdIqYHtR3kO7Zb56m3dZkj3xV-0MGvPdPzcrh_BxVH_dbOKBQIOkmvy2QLGAESFEwOvLLOW6U1OCEpupi1kQIjIUmDMsdUCrH3B6e4N1A:1usQgx:6HvQK6XCo7DVVytteHjjuRNtPOCYgnUz6Qdi1F91wlg	2025-09-13 18:52:47.935117+00
03p6e046g9o85h6qgsz17nu1gu4rq9a5	.eJxVjMsOwiAQRf-FtSHlPbh07zeQAQapGkhKuzL-uzbpQrf3nHNfLOC21rANWsKc2ZkJdvrdIqYHtR3kO7Zb56m3dZkj3xV-0MGvPdPzcrh_BxVH_dbOKBQIOkmvy2QLGAESFEwOvLLOW6U1OCEpupi1kQIjIUmDMsdUCrH3B6e4N1A:1usQh7:O5_vB5880fDmekMvCjTw8ln6DRWtiA4ffso0BqGB1nw	2025-09-13 18:52:57.348111+00
y0ey10u27ilfp17xno7nfoqiyhcc3iei	.eJxVjMsOwiAQRf-FtSHlPbh07zeQAQapGkhKuzL-uzbpQrf3nHNfLOC21rANWsKc2ZkJdvrdIqYHtR3kO7Zb56m3dZkj3xV-0MGvPdPzcrh_BxVH_dbOKBQIOkmvy2QLGAESFEwOvLLOW6U1OCEpupi1kQIjIUmDMsdUCrH3B6e4N1A:1usQhb:aQPLNd53yKSasOv679znYhiBM08G2j8TMvVuEMimevQ	2025-09-13 18:53:27.68823+00
ifkaglkhs8rmrun2h2iv8vztiooft6fh	.eJxVjMsOwiAQRf-FtSHlPbh07zeQAQapGkhKuzL-uzbpQrf3nHNfLOC21rANWsKc2ZkJdvrdIqYHtR3kO7Zb56m3dZkj3xV-0MGvPdPzcrh_BxVH_dbOKBQIOkmvy2QLGAESFEwOvLLOW6U1OCEpupi1kQIjIUmDMsdUCrH3B6e4N1A:1usQiE:aJJvBQxsUt52pIMUb4lQ4JRDWhVEo8ZwVTnvAqftX30	2025-09-13 18:54:06.749456+00
r1tawasr9rrtzvhw3o68f4fdwyt51g02	.eJxVjMsOwiAQRf-FtSHlPbh07zeQAQapGkhKuzL-uzbpQrf3nHNfLOC21rANWsKc2ZkJdvrdIqYHtR3kO7Zb56m3dZkj3xV-0MGvPdPzcrh_BxVH_dbOKBQIOkmvy2QLGAESFEwOvLLOW6U1OCEpupi1kQIjIUmDMsdUCrH3B6e4N1A:1usQox:NWbhRr0vt-lFpUGSrCML8lIyuxHWucofWd6VbtkLQ2g	2025-09-13 19:01:03.62049+00
h2pnngcf03l06nsgmy00v4abshg2e6ex	.eJxVjMsOwiAQRf-FtSHlPbh07zeQAQapGkhKuzL-uzbpQrf3nHNfLOC21rANWsKc2ZkJdvrdIqYHtR3kO7Zb56m3dZkj3xV-0MGvPdPzcrh_BxVH_dbOKBQIOkmvy2QLGAESFEwOvLLOW6U1OCEpupi1kQIjIUmDMsdUCrH3B6e4N1A:1usQqW:wc4rqldyModnfOG_rnGCcnKhJAn7yV1Mro1WG7tLIXM	2025-09-13 19:02:40.441998+00
2g8npaeteupm8wd1hum2pzgila0z6amb	.eJxVjMsOwiAQRf-FtSHlPbh07zeQAQapGkhKuzL-uzbpQrf3nHNfLOC21rANWsKc2ZkJdvrdIqYHtR3kO7Zb56m3dZkj3xV-0MGvPdPzcrh_BxVH_dbOKBQIOkmvy2QLGAESFEwOvLLOW6U1OCEpupi1kQIjIUmDMsdUCrH3B6e4N1A:1usQs6:EMU7C0wM3dK0kdjRmBQv3poqqWSDYn88BhvV7IMyPUg	2025-09-13 19:04:18.033127+00
troc89zy50ucwr1d9dkw3kan2yul2vwm	.eJxVjMsOwiAQRf-FtSHlPbh07zeQAQapGkhKuzL-uzbpQrf3nHNfLOC21rANWsKc2ZkJdvrdIqYHtR3kO7Zb56m3dZkj3xV-0MGvPdPzcrh_BxVH_dbOKBQIOkmvy2QLGAESFEwOvLLOW6U1OCEpupi1kQIjIUmDMsdUCrH3B6e4N1A:1usQtG:fmQb4yD5h_JYpfC3ngw7BIj_m-gst0fy5D4q9VlVuYs	2025-09-13 19:05:30.128165+00
kzfrw9h93lha990yzawryz7ksuryfsga	.eJxVjMsOwiAQRf-FtSHlPbh07zeQAQapGkhKuzL-uzbpQrf3nHNfLOC21rANWsKc2ZkJdvrdIqYHtR3kO7Zb56m3dZkj3xV-0MGvPdPzcrh_BxVH_dbOKBQIOkmvy2QLGAESFEwOvLLOW6U1OCEpupi1kQIjIUmDMsdUCrH3B6e4N1A:1usQyu:baalYx9KMNGguweu1Umx8NwXQllUBE5JbF41a65KzBI	2025-09-13 19:11:20.409505+00
ypidww2s4oxsk41u2gtwuon3yaiyylow	.eJxVjMsOwiAQRf-FtSHlPbh07zeQAQapGkhKuzL-uzbpQrf3nHNfLOC21rANWsKc2ZkJdvrdIqYHtR3kO7Zb56m3dZkj3xV-0MGvPdPzcrh_BxVH_dbOKBQIOkmvy2QLGAESFEwOvLLOW6U1OCEpupi1kQIjIUmDMsdUCrH3B6e4N1A:1usR22:dW56pAI6cY2TtASw8hvP0gnwxk1Xl4p-rhc-q1-76us	2025-09-13 19:14:34.002005+00
q9804p282dyfc8ldt4e5577w1ep8h6bq	.eJxVjMsOwiAQRf-FtSHlPbh07zeQAQapGkhKuzL-uzbpQrf3nHNfLOC21rANWsKc2ZkJdvrdIqYHtR3kO7Zb56m3dZkj3xV-0MGvPdPzcrh_BxVH_dbOKBQIOkmvy2QLGAESFEwOvLLOW6U1OCEpupi1kQIjIUmDMsdUCrH3B6e4N1A:1usR2y:Yq_rK2Nha-zYmFTEut8594rUAZbw_IUn-u2vwmazsKU	2025-09-13 19:15:32.738946+00
h2aisb183j7sqxhd3gtno8c3fni74ngg	.eJxVjMsOwiAQRf-FtSHlPbh07zeQAQapGkhKuzL-uzbpQrf3nHNfLOC21rANWsKc2ZkJdvrdIqYHtR3kO7Zb56m3dZkj3xV-0MGvPdPzcrh_BxVH_dbOKBQIOkmvy2QLGAESFEwOvLLOW6U1OCEpupi1kQIjIUmDMsdUCrH3B6e4N1A:1usR9I:WwDYTFmLDi7DJQpdzWFCXi6esJ9mc8UpAtj1sClXPRU	2025-09-13 19:22:04.844978+00
w95fdj16ee9yqfj2axsot5g8kvpkmi0s	.eJxVjDsOwjAQRO_iGln-4E8o6XMGa9e74ACypTipEHcnkVJAN5r3Zt4iwbqUtHae00TiIrQVp98SIT-57oQeUO9N5laXeUK5K_KgXY6N-HU93L-DAr1sa8UeAwSMN47OmDN5ImMdRmTjrB4iwpYNWJ0dalYh5ogaMFgz-KxAfL4VHDhU:1usWER:Lm1uWSfRpSAb8br5hvvyjf6M0kdVN7f2laR_3lWdN6Y	2025-09-14 00:47:43.145676+00
of8ujwmahq5glm2gidfp1woogji3ucdl	.eJxVjEsOwjAMBe-SNYrcxKUJS_Y9Q-TaDi2gROpnhbg7VOoCtm9m3ssk2tYxbYvOaRJzMQ2a0-84ED-07ETuVG7Vci3rPA12V-xBF9tX0ef1cP8ORlrGb529esIQWxJgB1Gb2CGhi17a4JTjmQgQXedZckQAhTAwZ-ZGRLOY9wcDcTjA:1usWUl:ugZxrueShJdtazJEKfVSpWv9TRQN5CgPVEh7YR4YYcE	2025-09-14 01:04:35.159831+00
leygjb60sx5tiwi9jhuhzjz79n7uzwpc	e30:1usWZy:armY-wmWJAjpw-h6VujBnRgkVtAH6TN9w-ILes9MpDE	2025-09-14 01:09:58.270169+00
1c2vutxb1x6szvwm9os6mihk4vwfzb1s	e30:1usWax:iQ9uhB1G9xrqK48IwUPj4XPr8JYzjj4NbgqLueO_yC8	2025-09-14 01:10:59.381321+00
tgz2e2au44045eonmyqnaoqc6iero1q7	.eJxVjEEOwiAQRe_C2hAoDAWX7j0DGYZBqoYmpV0Z765NutDtf-_9l4i4rTVunZc4ZXEWehCn3zEhPbjtJN-x3WZJc1uXKcldkQft8jpnfl4O9--gYq_fumBC7yw6Vg5AF-M1KKONCz7TWJgVGCgAHnCwxQVDnGg07HVQlpwS7w_5-Dd_:1usnpN:VAqQw4AYzhFpLm0-_onTUM12EkslsQtxv4BvW0BT9II	2025-09-14 19:35:01.485553+00
s1lc1i8wote98jx11pqq5bl4ema1dsyr	.eJxVjEEOwiAQRe_C2hAoDAWX7j0DGYZBqoYmpV0Z765NutDtf-_9l4i4rTVunZc4ZXEWehCn3zEhPbjtJN-x3WZJc1uXKcldkQft8jpnfl4O9--gYq_fumBC7yw6Vg5AF-M1KKONCz7TWJgVGCgAHnCwxQVDnGg07HVQlpwS7w_5-Dd_:1usnpf:9RAJ34Z7_tWVx9FTwJUo1KJ_oVpaQJ1kDPIdlgk7Axw	2025-09-14 19:35:19.595797+00
ra6r0h3aii326g2yvtzpgns0hnicoh05	.eJxVjEEOwiAQRe_C2hAoDAWX7j0DGYZBqoYmpV0Z765NutDtf-_9l4i4rTVunZc4ZXEWehCn3zEhPbjtJN-x3WZJc1uXKcldkQft8jpnfl4O9--gYq_fumBC7yw6Vg5AF-M1KKONCz7TWJgVGCgAHnCwxQVDnGg07HVQlpwS7w_5-Dd_:1usnqM:h7lipV61fc9J6i6LwNKZhOOit3IBnmR94OeE2z1-LUA	2025-09-14 19:36:02.816693+00
nx1jfkth562ao84weje3hge42ez7hjpp	.eJxVjEEOwiAQRe_C2hAoDAWX7j0DGYZBqoYmpV0Z765NutDtf-_9l4i4rTVunZc4ZXEWehCn3zEhPbjtJN-x3WZJc1uXKcldkQft8jpnfl4O9--gYq_fumBC7yw6Vg5AF-M1KKONCz7TWJgVGCgAHnCwxQVDnGg07HVQlpwS7w_5-Dd_:1usnwm:N1-NsB1GNoa9K7aMZDjSM20SUoGslFKxyUznNiORo-g	2025-09-14 19:42:40.466454+00
sixwdh5wmtxcn3gxfwvm490r8vfg2z7k	.eJxVjEEOwiAQRe_C2hAoDAWX7j0DGYZBqoYmpV0Z765NutDtf-_9l4i4rTVunZc4ZXEWehCn3zEhPbjtJN-x3WZJc1uXKcldkQft8jpnfl4O9--gYq_fumBC7yw6Vg5AF-M1KKONCz7TWJgVGCgAHnCwxQVDnGg07HVQlpwS7w_5-Dd_:1usnxV:8ZG3pScXmJSjifb-jqiCW9qLgYLQFztmKAybtzCNdPA	2025-09-14 19:43:25.259659+00
u7orv141ln5ca3fdr68222bo9ipbk640	.eJxVjEEOwiAQRe_C2hAoDAWX7j0DGYZBqoYmpV0Z765NutDtf-_9l4i4rTVunZc4ZXEWehCn3zEhPbjtJN-x3WZJc1uXKcldkQft8jpnfl4O9--gYq_fumBC7yw6Vg5AF-M1KKONCz7TWJgVGCgAHnCwxQVDnGg07HVQlpwS7w_5-Dd_:1usnxn:Icn7WhDrToHbcEVAqKZSUcK7ICpU1ne2SCAPX2cyZF8	2025-09-14 19:43:43.927705+00
vy4fia7rq9jjs4gz48e3n7zcjlbn9te9	.eJxVjEEOwiAQRe_C2hAoDAWX7j0DGYZBqoYmpV0Z765NutDtf-_9l4i4rTVunZc4ZXEWehCn3zEhPbjtJN-x3WZJc1uXKcldkQft8jpnfl4O9--gYq_fumBC7yw6Vg5AF-M1KKONCz7TWJgVGCgAHnCwxQVDnGg07HVQlpwS7w_5-Dd_:1usny3:cGLMbuYGz2yie7KPZLfLtIMMkAnR5IHCl1ePE0Clyb8	2025-09-14 19:43:59.640573+00
6f3budf8blasmjpute7roieg60k4p581	.eJxVjEEOwiAQRe_C2hAoDAWX7j0DGYZBqoYmpV0Z765NutDtf-_9l4i4rTVunZc4ZXEWehCn3zEhPbjtJN-x3WZJc1uXKcldkQft8jpnfl4O9--gYq_fumBC7yw6Vg5AF-M1KKONCz7TWJgVGCgAHnCwxQVDnGg07HVQlpwS7w_5-Dd_:1usnyi:m8V5tqojJCSqtrwV-RH5x0FujE9w0TInc3YjoLBN1wI	2025-09-14 19:44:40.162175+00
wkh17vc9h0k61yojaod4u613z78kyn9a	.eJxVjEEOwiAQRe_C2hAoDAWX7j0DGYZBqoYmpV0Z765NutDtf-_9l4i4rTVunZc4ZXEWehCn3zEhPbjtJN-x3WZJc1uXKcldkQft8jpnfl4O9--gYq_fumBC7yw6Vg5AF-M1KKONCz7TWJgVGCgAHnCwxQVDnGg07HVQlpwS7w_5-Dd_:1usoBJ:5WfOxOOxoYovabofB6eylRuukwDU7SZAM9Nzw_3FkYA	2025-09-14 19:57:41.249092+00
as7afne49yk0gm5x8fd5jiolsyvhnukf	.eJxVjEEOwiAQRe_C2hAoDAWX7j0DGYZBqoYmpV0Z765NutDtf-_9l4i4rTVunZc4ZXEWehCn3zEhPbjtJN-x3WZJc1uXKcldkQft8jpnfl4O9--gYq_fumBC7yw6Vg5AF-M1KKONCz7TWJgVGCgAHnCwxQVDnGg07HVQlpwS7w_5-Dd_:1usoHp:dX0y3Tcae0QpC04PU0m1V0W82D-4560iHKKSO2TkjA4	2025-09-14 20:04:25.99018+00
8qu0ijc4fn7uphf4yjf3tofra929jf3e	.eJxVjDsOwjAQBe_iGlnelb-U9JwhWns3OIBsKZ8KcXeIlALaNzPvpQba1jpsi8zDxOqsUJ1-t0zlIW0HfKd267r0ts5T1ruiD7roa2d5Xg7376DSUr-14cLJxQg-O-sds4nBoDNkS0wGRitCLAAIUYQhRR-QwmgBxWAGVO8PzwI3Nw:1usoPG:JgEbRCae8HPxpIQz8dH3hdZ1iQhRTLoCQsrUDKvA4Nc	2025-09-14 20:12:06.334613+00
69gmb4wjsty1wg8kr3rlewy49h59ob0q	.eJxVjDsOwjAQBe_iGlnelb-U9JwhWns3OIBsKZ8KcXeIlALaNzPvpQba1jpsi8zDxOqsUJ1-t0zlIW0HfKd267r0ts5T1ruiD7roa2d5Xg7376DSUr-14cLJxQg-O-sds4nBoDNkS0wGRitCLAAIUYQhRR-QwmgBxWAGVO8PzwI3Nw:1usoRW:GhNJl4R8VOPHPW7s7K0hc0LfXyXa_a_ExywrN3XEPOw	2025-09-14 20:14:26.6739+00
9wl28tfmjaecrmwh6y4lhuhzt1g542pg	.eJxVjMsOwiAQRf-FtSHlPbh07zeQAQapGkhKuzL-uzbpQrf3nHNfLOC21rANWsKc2ZkJdvrdIqYHtR3kO7Zb56m3dZkj3xV-0MGvPdPzcrh_BxVH_dbOKBQIOkmvy2QLGAESFEwOvLLOW6U1OCEpupi1kQIjIUmDMsdUCrH3B6e4N1A:1usoqJ:5zj1_YMGR72ZuO4DvFMCq81RJ73yDsKl2kdN3xP_DpA	2025-09-14 20:40:03.933066+00
fpl0h12fij4evdngt0kqg284baqfdlyj	.eJxVjMsOwiAQRf-FtSHlPbh07zeQAQapGkhKuzL-uzbpQrf3nHNfLOC21rANWsKc2ZkJdvrdIqYHtR3kO7Zb56m3dZkj3xV-0MGvPdPzcrh_BxVH_dbOKBQIOkmvy2QLGAESFEwOvLLOW6U1OCEpupi1kQIjIUmDMsdUCrH3B6e4N1A:1utui0:O-zKyATAKPevZpAR0NcRlw4lyp7c3G3juI-vHfjdLGs	2025-09-17 21:08:00.831066+00
h4uodqbtcnbany82lfy15ijkpq43wc5y	.eJxVjDsOwjAQBe_iGlnelb-U9JwhWns3OIBsKZ8KcXeIlALaNzPvpQba1jpsi8zDxOqsUJ1-t0zlIW0HfKd267r0ts5T1ruiD7roa2d5Xg7376DSUr-14cLJxQg-O-sds4nBoDNkS0wGRitCLAAIUYQhRR-QwmgBxWAGVO8PzwI3Nw:1uu1sP:WL3JDLDALFnu7B52T7eKsNVP5bip-syE5TpS2tQ0OpQ	2025-09-18 04:47:13.978098+00
zku3p2z1dzgs7gpuhcz4k898mjkh9km4	.eJxVjDsOwjAQBe_iGlnelb-U9JwhWns3OIBsKZ8KcXeIlALaNzPvpQba1jpsi8zDxOqsUJ1-t0zlIW0HfKd267r0ts5T1ruiD7roa2d5Xg7376DSUr-14cLJxQg-O-sds4nBoDNkS0wGRitCLAAIUYQhRR-QwmgBxWAGVO8PzwI3Nw:1uu343:p4iI3wqYO190PKg3V50QrS2o8tCquB20MuJ-SzHtjJc	2025-09-18 06:03:19.214069+00
164s1b338x9s0ijzgbraeffx0683b88g	.eJxVjEEOwiAQRe_C2hAoDAWX7j0DGYZBqoYmpV0Z765NutDtf-_9l4i4rTVunZc4ZXEWehCn3zEhPbjtJN-x3WZJc1uXKcldkQft8jpnfl4O9--gYq_fumBC7yw6Vg5AF-M1KKONCz7TWJgVGCgAHnCwxQVDnGg07HVQlpwS7w_5-Dd_:1usnz4:3c42HNsH1VHp7UpCS8sOytHB-cIVGF2bCTUvtEtGfO0	2025-09-14 19:45:02.812829+00
7g6lm84lbzygclyv5wljvedisgkmngt3	.eJxVjEEOwiAQRe_C2hAoDAWX7j0DGYZBqoYmpV0Z765NutDtf-_9l4i4rTVunZc4ZXEWehCn3zEhPbjtJN-x3WZJc1uXKcldkQft8jpnfl4O9--gYq_fumBC7yw6Vg5AF-M1KKONCz7TWJgVGCgAHnCwxQVDnGg07HVQlpwS7w_5-Dd_:1usoCZ:2LWNgsZyh6XkIcTOnSX77uKGcTUZSFN1fwLWDmbPah0	2025-09-14 19:58:59.328836+00
rej17vjl28xdhrklnfjeaavd4s37fu6x	.eJxVjEEOwiAQRe_C2hAoDAWX7j0DGYZBqoYmpV0Z765NutDtf-_9l4i4rTVunZc4ZXEWehCn3zEhPbjtJN-x3WZJc1uXKcldkQft8jpnfl4O9--gYq_fumBC7yw6Vg5AF-M1KKONCz7TWJgVGCgAHnCwxQVDnGg07HVQlpwS7w_5-Dd_:1usoIV:hO7l8PvKh7CaV5GVDJcbb2x3M_3rve3Qx0QTrquoH_U	2025-09-14 20:05:07.741876+00
aiwz25z2xg3ruqvw6w0yrpexh4p76aoc	.eJxVjMsOwiAQRf-FtSHlPbh07zeQAQapGkhKuzL-uzbpQrf3nHNfLOC21rANWsKc2ZkJdvrdIqYHtR3kO7Zb56m3dZkj3xV-0MGvPdPzcrh_BxVH_dbOKBQIOkmvy2QLGAESFEwOvLLOW6U1OCEpupi1kQIjIUmDMsdUCrH3B6e4N1A:1usoqY:0SHIrrZ0gPNVJiCTgQEP9YV-FvXNNsdLcDW31TIpnh4	2025-09-14 20:40:18.37241+00
2rq229z0c4ktvu39paslxzlqzdyxayq2	.eJxVjMsOwiAQRf-FtSHlPbh07zeQAQapGkhKuzL-uzbpQrf3nHNfLOC21rANWsKc2ZkJdvrdIqYHtR3kO7Zb56m3dZkj3xV-0MGvPdPzcrh_BxVH_dbOKBQIOkmvy2QLGAESFEwOvLLOW6U1OCEpupi1kQIjIUmDMsdUCrH3B6e4N1A:1utui6:AqiJfLqwOwYFHmRLpeb9ddGdP3ZAKnephDZR4RP9Erg	2025-09-17 21:08:06.519221+00
53t5dvr575z5d10vhlc2k44d8g4cer7w	.eJxVjEEOwiAQRe_C2hAoDAWX7j0DGYZBqoYmpV0Z765NutDtf-_9l4i4rTVunZc4ZXEWehCn3zEhPbjtJN-x3WZJc1uXKcldkQft8jpnfl4O9--gYq_fumBC7yw6Vg5AF-M1KKONCz7TWJgVGCgAHnCwxQVDnGg07HVQlpwS7w_5-Dd_:1uso5G:_W_iXQAniOdztOJlg-QuD6AXH8ZucB5-cRlDJ46a16E	2025-09-14 19:51:26.719862+00
5fqx9nfycjjyhuno9gfcaxr7jcrpcalh	.eJxVjEEOwiAQRe_C2hAoDAWX7j0DGYZBqoYmpV0Z765NutDtf-_9l4i4rTVunZc4ZXEWehCn3zEhPbjtJN-x3WZJc1uXKcldkQft8jpnfl4O9--gYq_fumBC7yw6Vg5AF-M1KKONCz7TWJgVGCgAHnCwxQVDnGg07HVQlpwS7w_5-Dd_:1usoCq:gOUFrPZua4L17OIvi9FfuDlkR8GhncdAhkPyPeL9Z14	2025-09-14 19:59:16.150673+00
\.


--
-- Data for Name: orcamentos_faixapreco; Type: TABLE DATA; Schema: public; Owner: postgres
--

COPY public.orcamentos_faixapreco (id, created_at, updated_at, nome, descricao, multiplicador, ativo, created_by_id, updated_by_id) FROM stdin;
1	2025-08-30 16:53:28.369336+00	2025-08-30 16:53:28.369345+00	Padrao		1.00	t	\N	\N
\.


--
-- Data for Name: orcamentos_formapagamento; Type: TABLE DATA; Schema: public; Owner: postgres
--

COPY public.orcamentos_formapagamento (id, created_at, updated_at, nome, descricao, prazo_dias, desconto_maximo, ativo, created_by_id, updated_by_id) FROM stdin;
1	2025-08-30 16:53:35.312342+00	2025-08-30 16:53:35.312351+00	Pix		0	0.00	t	\N	\N
\.


--
-- Data for Name: orcamentos_orcamento; Type: TABLE DATA; Schema: public; Owner: postgres
--

COPY public.orcamentos_orcamento (id, created_at, updated_at, numero, desconto_valor, desconto_percentual, acrescimo_valor, acrescimo_percentual, data_entrega, data_validade, status, observacoes, cliente_id, created_by_id, faixa_preco_id, forma_pagamento_id, updated_by_id, vendedor_id) FROM stdin;
\.


--
-- Data for Name: orcamentos_orcamentoitem; Type: TABLE DATA; Schema: public; Owner: postgres
--

COPY public.orcamentos_orcamentoitem (id, created_at, updated_at, quantidade, preco_unitario, observacoes, dados_produto, created_by_id, orcamento_id, produto_id, updated_by_id) FROM stdin;
\.


--
-- Data for Name: orcamentos_orcamentomodulo; Type: TABLE DATA; Schema: public; Owner: postgres
--

COPY public.orcamentos_orcamentomodulo (id, created_at, updated_at, modulo_id, nome_modulo, tamanho_selecionado, created_by_id, item_orcamento_id, updated_by_id, observacoes, quantidade, tamanho_id) FROM stdin;
\.


--
-- Data for Name: produtos_acessorio; Type: TABLE DATA; Schema: public; Owner: postgres
--

COPY public.produtos_acessorio (id, created_at, updated_at, nome, descricao, ativo, imagem_principal, imagem_secundaria, preco, ref_acessorio, created_by_id, updated_by_id) FROM stdin;
69	2025-09-04 03:30:00.128298+00	2025-09-04 03:30:00.128307+00	123	123	f	produtos/acessorios/carregador_indução.png		123.00	123	2	2
70	2025-09-04 03:47:53.848902+00	2025-09-04 03:47:53.848909+00	123	123	f	produtos/acessorios/carregador_indução_krfW4g9.png		123.00	 123	2	2
72	2025-09-04 04:59:46.944598+00	2025-09-04 04:59:46.944604+00	sdfsdf	dfgdfgdfgdfg	f	produtos/acessorios/carregador_indução_0NtMUot.png		123123.00	sdfsdf	2	2
\.


--
-- Data for Name: produtos_acessorio_produtos_vinculados; Type: TABLE DATA; Schema: public; Owner: postgres
--

COPY public.produtos_acessorio_produtos_vinculados (id, acessorio_id, produto_id) FROM stdin;
39	69	6
40	69	5
41	69	65
42	70	6
43	70	5
44	70	65
\.


--
-- Data for Name: produtos_almofada; Type: TABLE DATA; Schema: public; Owner: postgres
--

COPY public.produtos_almofada (id, created_at, updated_at, ref_almofada, nome, largura, altura, tecido_metros, volume_m3, peso_kg, preco, ativo, imagem_principal, imagem_secundaria, descricao, created_by_id, updated_by_id) FROM stdin;
11	2025-09-04 03:28:03.096937+00	2025-09-04 03:28:03.096946+00	123	123	123.00	123.00	123.00	123.000	123.00	123.00	t	produtos/almofadas/al01_0IhtTvu.png		123123	2	2
\.


--
-- Data for Name: produtos_banqueta; Type: TABLE DATA; Schema: public; Owner: postgres
--

COPY public.produtos_banqueta (id, created_at, updated_at, ref_banqueta, nome, largura, profundidade, altura, tecido_metros, volume_m3, peso_kg, preco, ativo, imagem_principal, imagem_secundaria, descricao, created_by_id, updated_by_id) FROM stdin;
11	2025-09-04 03:28:21.886108+00	2025-09-04 03:28:21.886121+00	123123	123	123.00	123.00	123.00	123.00	123.000	123.00	123.00	t	produtos/banquetas/bq13_6GWzvsP.png		123	2	2
\.


--
-- Data for Name: produtos_cadeira; Type: TABLE DATA; Schema: public; Owner: postgres
--

COPY public.produtos_cadeira (id, created_at, updated_at, ref_cadeira, nome, largura, profundidade, altura, tecido_metros, volume_m3, peso_kg, preco, ativo, imagem_principal, imagem_secundaria, descricao, created_by_id, updated_by_id, tem_cor_tecido) FROM stdin;
11	2025-09-04 03:28:36.661436+00	2025-09-04 03:28:36.661449+00	1231	123	123.00	123.00	123.00	123.00	123.000	123.00	123.00	t	produtos/cadeiras/cd01_rZbcNhx.png		123	2	2	f
\.


--
-- Data for Name: produtos_faixatecido; Type: TABLE DATA; Schema: public; Owner: postgres
--

COPY public.produtos_faixatecido (id, created_at, updated_at, nome, valor_minimo, valor_maximo, created_by_id, updated_by_id) FROM stdin;
\.


--
-- Data for Name: produtos_item; Type: TABLE DATA; Schema: public; Owner: postgres
--

COPY public.produtos_item (id, created_at, updated_at, ref_produto, nome_produto, ativo, tem_cor_tecido, tem_difer_desenho_lado_dir_esq, tem_difer_desenho_tamanho, id_tipo_produto_id, imagem_principal, descricao_acessorio, imagem_secundaria, preco_acessorio, created_by_id, updated_by_id) FROM stdin;
\.


--
-- Data for Name: produtos_item_produtos_vinculados; Type: TABLE DATA; Schema: public; Owner: postgres
--

COPY public.produtos_item_produtos_vinculados (id, from_item_id, to_item_id) FROM stdin;
\.


--
-- Data for Name: produtos_linha; Type: TABLE DATA; Schema: public; Owner: postgres
--

COPY public.produtos_linha (id, created_at, updated_at, nome, descricao, created_by_id, updated_by_id) FROM stdin;
\.


--
-- Data for Name: produtos_modulo; Type: TABLE DATA; Schema: public; Owner: postgres
--

COPY public.produtos_modulo (id, created_at, updated_at, nome, produto_id, imagem_principal, altura, braco, descricao, profundidade, imagem_secundaria, created_by_id, updated_by_id) FROM stdin;
22	2025-08-31 00:47:13.151087+00	2025-08-31 00:47:13.151099+00	Módulo Esquerdo	65		\N	\N	\N	85.00		\N	\N
23	2025-08-31 00:47:13.15512+00	2025-08-31 00:47:13.155129+00	Módulo Direito	65		\N	\N	\N	85.00		\N	\N
24	2025-08-31 00:47:42.726995+00	2025-08-31 00:47:42.727004+00	Módulo Esquerdo	65		\N	\N	\N	85.00		\N	\N
25	2025-08-31 00:47:42.72924+00	2025-08-31 00:47:42.729247+00	Módulo Direito	65		\N	\N	\N	85.00		\N	\N
26	2025-08-31 00:47:43.035703+00	2025-08-31 00:47:43.035712+00	Módulo Esquerdo	65		\N	\N	\N	85.00		\N	\N
27	2025-08-31 00:47:43.036933+00	2025-08-31 00:47:43.036937+00	Módulo Direito	65		\N	\N	\N	85.00		\N	\N
28	2025-08-31 18:30:10.263286+00	2025-08-31 19:58:08.372021+00	2 ASSENTOS C/2BR	6	produtos/modulos/mod01_FTfQzPx.png	90.00	25.00	Módulo para 2 pessoas com braços laterais. Estrutura em madeira maciça com espuma de alta densidade.	85.00		2	2
29	2025-08-31 18:30:10.266762+00	2025-08-31 19:58:08.374354+00	POLTRONA	6	produtos/modulos/mod02_Yd04aXQ.png	95.00	20.00	Poltrona individual com braços. Design ergonômico para conforto máximo.	90.00		2	2
42	2025-08-31 21:20:25.087251+00	2025-08-31 21:20:25.087264+00	1 LUGAR S/BR	5		123.00	123.00	\N	123.00		2	2
43	2025-08-31 21:20:25.094221+00	2025-08-31 21:20:25.094235+00	AUXILIAR123	5		123.00	123.00	123	123.00		2	2
44	2025-08-31 21:20:25.096141+00	2025-08-31 21:20:25.096156+00	CHAISE	5		\N	\N	\N	\N		2	2
\.


--
-- Data for Name: produtos_poltrona; Type: TABLE DATA; Schema: public; Owner: postgres
--

COPY public.produtos_poltrona (id, created_at, updated_at, ref_poltrona, nome, largura, profundidade, altura, tecido_metros, volume_m3, peso_kg, preco, ativo, imagem_principal, imagem_secundaria, descricao, created_by_id, updated_by_id, tem_cor_tecido) FROM stdin;
11	2025-09-04 03:28:50.789403+00	2025-09-04 03:28:50.789412+00	123	3123	123.00	123.00	123.00	123.00	123.000	123.00	123.00	t	produtos/poltronas/le_coultre.jpg		123	2	2	f
\.


--
-- Data for Name: produtos_precosbase; Type: TABLE DATA; Schema: public; Owner: postgres
--

COPY public.produtos_precosbase (id, created_at, updated_at, data_inic_vigencia, preco_base, id_faixa_tecido_id, id_item_id, created_by_id, updated_by_id) FROM stdin;
\.


--
-- Data for Name: produtos_produto; Type: TABLE DATA; Schema: public; Owner: postgres
--

COPY public.produtos_produto (id, created_at, updated_at, ref_produto, nome_produto, ativo, imagem_principal, imagem_secundaria, created_by_id, id_tipo_produto_id, updated_by_id, tem_cor_tecido, tem_difer_desenho_lado_dir_esq, tem_difer_desenho_tamanho) FROM stdin;
83	2025-09-04 04:59:46.943494+00	2025-09-04 04:59:46.943509+00	sdfsdf	sdfsdf	f	produtos/carregador_indução_FDmcbyI.png		2	6	2	f	f	f
65	2025-08-31 00:45:53.036982+00	2025-08-31 00:45:53.036994+00	SF_DROPDOWN_001	Sofá Teste Dropdown	t			\N	1	\N	f	f	f
6	2025-08-30 04:50:02.434476+00	2025-08-31 18:30:10.257367+00	SF939	LE COULTRE	t	produtos/sf939.jpg		\N	1	2	t	f	f
5	2025-08-30 04:50:02.422291+00	2025-08-31 21:20:25.078732+00	SF982	Big Boss	t	produtos/BIGBOSS.jpg		\N	1	2	t	t	t
\.


--
-- Data for Name: produtos_produtoacessorio; Type: TABLE DATA; Schema: public; Owner: postgres
--

COPY public.produtos_produtoacessorio (id, created_at, updated_at, quantidade, observacoes, acessorio_id, created_by_id, produto_id, updated_by_id) FROM stdin;
\.


--
-- Data for Name: produtos_produtovariacao; Type: TABLE DATA; Schema: public; Owner: postgres
--

COPY public.produtos_produtovariacao (id, created_at, updated_at, tamanho, cor, material, atributos_especificos, preco, estoque, ativo, created_by_id, produto_id, updated_by_id) FROM stdin;
\.


--
-- Data for Name: produtos_pufe; Type: TABLE DATA; Schema: public; Owner: postgres
--

COPY public.produtos_pufe (id, created_at, updated_at, ref_pufe, nome, largura, profundidade, altura, tecido_metros, volume_m3, peso_kg, preco, ativo, imagem_principal, imagem_secundaria, descricao, created_by_id, updated_by_id) FROM stdin;
11	2025-09-04 03:29:08.912773+00	2025-09-04 03:29:08.912782+00	123	123123	123.00	123.00	123.00	123.00	123.000	123.00	123.00	t	produtos/pufes/birigui.png		123	2	2
\.


--
-- Data for Name: produtos_sofaacessorio; Type: TABLE DATA; Schema: public; Owner: postgres
--

COPY public.produtos_sofaacessorio (id, created_at, updated_at, quantidade, observacoes, acessorio_id, created_by_id, sofa_id, updated_by_id) FROM stdin;
\.


--
-- Data for Name: produtos_tamanhosmodulos; Type: TABLE DATA; Schema: public; Owner: postgres
--

COPY public.produtos_tamanhosmodulos (id, created_at, updated_at, tamanho, id_modulo_id, created_by_id, updated_by_id) FROM stdin;
\.


--
-- Data for Name: produtos_tamanhosmodulosdetalhado; Type: TABLE DATA; Schema: public; Owner: postgres
--

COPY public.produtos_tamanhosmodulosdetalhado (id, created_at, updated_at, descricao, id_modulo_id, largura_assento, largura_total, peso_kg, preco, tecido_metros, volume_m3, created_by_id, updated_by_id) FROM stdin;
25	2025-08-31 00:47:42.73035+00	2025-08-31 00:47:42.730355+00	\N	24	\N	120.00	\N	850.00	\N	\N	\N	\N
26	2025-08-31 00:47:42.73383+00	2025-08-31 00:47:42.733837+00	\N	24	\N	140.00	\N	950.00	\N	\N	\N	\N
27	2025-08-31 00:47:42.734886+00	2025-08-31 00:47:42.73489+00	\N	24	\N	160.00	\N	1050.00	\N	\N	\N	\N
28	2025-08-31 00:47:42.735989+00	2025-08-31 00:47:42.735994+00	\N	25	\N	80.00	\N	650.00	\N	\N	\N	\N
29	2025-08-31 00:47:42.737048+00	2025-08-31 00:47:42.737053+00	\N	25	\N	100.00	\N	750.00	\N	\N	\N	\N
30	2025-08-31 00:47:43.038121+00	2025-08-31 00:47:43.038128+00	\N	26	\N	120.00	\N	850.00	\N	\N	\N	\N
31	2025-08-31 00:47:43.039152+00	2025-08-31 00:47:43.039157+00	\N	26	\N	140.00	\N	950.00	\N	\N	\N	\N
32	2025-08-31 00:47:43.040215+00	2025-08-31 00:47:43.04022+00	\N	26	\N	160.00	\N	1050.00	\N	\N	\N	\N
33	2025-08-31 00:47:43.041314+00	2025-08-31 00:47:43.041321+00	\N	27	\N	80.00	\N	650.00	\N	\N	\N	\N
34	2025-08-31 00:47:43.042331+00	2025-08-31 00:47:43.042335+00	\N	27	\N	100.00	\N	750.00	\N	\N	\N	\N
43	2025-08-31 19:47:41.324592+00	2025-08-31 19:47:41.324607+00	Tamanho padrão 2 lugares	28	120.00	140.00	45.00	1200.00	3.50	0.850	\N	\N
44	2025-08-31 19:47:41.327004+00	2025-08-31 19:47:41.327013+00	Tamanho grande 2 lugares	28	140.00	160.00	52.00	1350.00	4.00	0.950	\N	\N
45	2025-08-31 19:47:41.32964+00	2025-08-31 19:47:41.329649+00	Poltrona padrão	29	60.00	80.00	28.00	850.00	2.20	0.450	\N	\N
48	2025-08-31 21:20:25.092224+00	2025-08-31 21:20:25.092257+00	123	42	123.00	123.00	123.00	123.00	123.00	123.000	2	2
49	2025-08-31 21:20:25.095316+00	2025-08-31 21:20:25.095328+00	123	43	123.00	123.00	123.00	123.00	123.00	123.000	2	2
\.


--
-- Data for Name: produtos_tipoitem; Type: TABLE DATA; Schema: public; Owner: postgres
--

COPY public.produtos_tipoitem (id, created_at, updated_at, nome, created_by_id, updated_by_id) FROM stdin;
1	2025-08-06 02:40:44.635225+00	2025-08-06 02:40:44.635237+00	Sofás	\N	\N
2	2025-08-06 02:41:54.244096+00	2025-08-06 02:41:54.244105+00	Almofadas	\N	\N
3	2025-08-06 02:41:58.699102+00	2025-08-06 02:41:58.699111+00	Cadeiras	\N	\N
4	2025-08-06 02:42:01.724797+00	2025-08-06 02:42:01.724807+00	Pufes	\N	\N
5	2025-08-06 02:42:06.931327+00	2025-08-06 02:42:06.931338+00	Poltronas	\N	\N
6	2025-08-06 02:42:21.83798+00	2025-08-06 02:42:21.83799+00	Acessórios	\N	\N
7	2025-08-06 02:42:26.645436+00	2025-08-06 02:42:26.645448+00	Banquetas	\N	\N
\.


--
-- Name: auth_group_id_seq; Type: SEQUENCE SET; Schema: public; Owner: postgres
--

SELECT pg_catalog.setval('public.auth_group_id_seq', 1, false);


--
-- Name: auth_group_permissions_id_seq; Type: SEQUENCE SET; Schema: public; Owner: postgres
--

SELECT pg_catalog.setval('public.auth_group_permissions_id_seq', 1, false);


--
-- Name: auth_permission_id_seq; Type: SEQUENCE SET; Schema: public; Owner: postgres
--

SELECT pg_catalog.setval('public.auth_permission_id_seq', 120, true);


--
-- Name: authentication_customuser_groups_id_seq; Type: SEQUENCE SET; Schema: public; Owner: postgres
--

SELECT pg_catalog.setval('public.authentication_customuser_groups_id_seq', 1, false);


--
-- Name: authentication_customuser_id_seq; Type: SEQUENCE SET; Schema: public; Owner: postgres
--

SELECT pg_catalog.setval('public.authentication_customuser_id_seq', 28, true);


--
-- Name: authentication_customuser_user_permissions_id_seq; Type: SEQUENCE SET; Schema: public; Owner: postgres
--

SELECT pg_catalog.setval('public.authentication_customuser_user_permissions_id_seq', 1, false);


--
-- Name: clientes_cliente_id_seq; Type: SEQUENCE SET; Schema: public; Owner: postgres
--

SELECT pg_catalog.setval('public.clientes_cliente_id_seq', 1, true);


--
-- Name: django_admin_log_id_seq; Type: SEQUENCE SET; Schema: public; Owner: postgres
--

SELECT pg_catalog.setval('public.django_admin_log_id_seq', 71, true);


--
-- Name: django_content_type_id_seq; Type: SEQUENCE SET; Schema: public; Owner: postgres
--

SELECT pg_catalog.setval('public.django_content_type_id_seq', 30, true);


--
-- Name: django_migrations_id_seq; Type: SEQUENCE SET; Schema: public; Owner: postgres
--

SELECT pg_catalog.setval('public.django_migrations_id_seq', 54, true);


--
-- Name: orcamentos_faixapreco_id_seq; Type: SEQUENCE SET; Schema: public; Owner: postgres
--

SELECT pg_catalog.setval('public.orcamentos_faixapreco_id_seq', 1, true);


--
-- Name: orcamentos_formapagamento_id_seq; Type: SEQUENCE SET; Schema: public; Owner: postgres
--

SELECT pg_catalog.setval('public.orcamentos_formapagamento_id_seq', 1, true);


--
-- Name: orcamentos_orcamento_id_seq; Type: SEQUENCE SET; Schema: public; Owner: postgres
--

SELECT pg_catalog.setval('public.orcamentos_orcamento_id_seq', 7, true);


--
-- Name: orcamentos_orcamentoitem_id_seq; Type: SEQUENCE SET; Schema: public; Owner: postgres
--

SELECT pg_catalog.setval('public.orcamentos_orcamentoitem_id_seq', 25, true);


--
-- Name: orcamentos_orcamentomodulo_id_seq; Type: SEQUENCE SET; Schema: public; Owner: postgres
--

SELECT pg_catalog.setval('public.orcamentos_orcamentomodulo_id_seq', 1, false);


--
-- Name: produtos_acessorio_id_seq; Type: SEQUENCE SET; Schema: public; Owner: postgres
--

SELECT pg_catalog.setval('public.produtos_acessorio_id_seq', 72, true);


--
-- Name: produtos_acessorio_produtos_vinculados_id_seq; Type: SEQUENCE SET; Schema: public; Owner: postgres
--

SELECT pg_catalog.setval('public.produtos_acessorio_produtos_vinculados_id_seq', 44, true);


--
-- Name: produtos_almofada_id_seq; Type: SEQUENCE SET; Schema: public; Owner: postgres
--

SELECT pg_catalog.setval('public.produtos_almofada_id_seq', 11, true);


--
-- Name: produtos_banqueta_id_seq; Type: SEQUENCE SET; Schema: public; Owner: postgres
--

SELECT pg_catalog.setval('public.produtos_banqueta_id_seq', 11, true);


--
-- Name: produtos_cadeira_id_seq; Type: SEQUENCE SET; Schema: public; Owner: postgres
--

SELECT pg_catalog.setval('public.produtos_cadeira_id_seq', 11, true);


--
-- Name: produtos_faixatecido_id_seq; Type: SEQUENCE SET; Schema: public; Owner: postgres
--

SELECT pg_catalog.setval('public.produtos_faixatecido_id_seq', 1, false);


--
-- Name: produtos_item_id_seq; Type: SEQUENCE SET; Schema: public; Owner: postgres
--

SELECT pg_catalog.setval('public.produtos_item_id_seq', 1, false);


--
-- Name: produtos_item_produtos_vinculados_id_seq; Type: SEQUENCE SET; Schema: public; Owner: postgres
--

SELECT pg_catalog.setval('public.produtos_item_produtos_vinculados_id_seq', 1, false);


--
-- Name: produtos_linha_id_seq; Type: SEQUENCE SET; Schema: public; Owner: postgres
--

SELECT pg_catalog.setval('public.produtos_linha_id_seq', 1, false);


--
-- Name: produtos_modulo_id_seq; Type: SEQUENCE SET; Schema: public; Owner: postgres
--

SELECT pg_catalog.setval('public.produtos_modulo_id_seq', 44, true);


--
-- Name: produtos_poltrona_id_seq; Type: SEQUENCE SET; Schema: public; Owner: postgres
--

SELECT pg_catalog.setval('public.produtos_poltrona_id_seq', 11, true);


--
-- Name: produtos_precosbase_id_seq; Type: SEQUENCE SET; Schema: public; Owner: postgres
--

SELECT pg_catalog.setval('public.produtos_precosbase_id_seq', 1, false);


--
-- Name: produtos_produto_id_seq; Type: SEQUENCE SET; Schema: public; Owner: postgres
--

SELECT pg_catalog.setval('public.produtos_produto_id_seq', 83, true);


--
-- Name: produtos_produtoacessorio_id_seq; Type: SEQUENCE SET; Schema: public; Owner: postgres
--

SELECT pg_catalog.setval('public.produtos_produtoacessorio_id_seq', 1, false);


--
-- Name: produtos_produtovariacao_id_seq; Type: SEQUENCE SET; Schema: public; Owner: postgres
--

SELECT pg_catalog.setval('public.produtos_produtovariacao_id_seq', 1, true);


--
-- Name: produtos_pufe_id_seq; Type: SEQUENCE SET; Schema: public; Owner: postgres
--

SELECT pg_catalog.setval('public.produtos_pufe_id_seq', 11, true);


--
-- Name: produtos_sofaacessorio_id_seq; Type: SEQUENCE SET; Schema: public; Owner: postgres
--

SELECT pg_catalog.setval('public.produtos_sofaacessorio_id_seq', 13, true);


--
-- Name: produtos_tamanhosmodulos_id_seq; Type: SEQUENCE SET; Schema: public; Owner: postgres
--

SELECT pg_catalog.setval('public.produtos_tamanhosmodulos_id_seq', 1, false);


--
-- Name: produtos_tamanhosmodulosdetalhado_id_seq; Type: SEQUENCE SET; Schema: public; Owner: postgres
--

SELECT pg_catalog.setval('public.produtos_tamanhosmodulosdetalhado_id_seq', 49, true);


--
-- Name: produtos_tipoitem_id_seq; Type: SEQUENCE SET; Schema: public; Owner: postgres
--

SELECT pg_catalog.setval('public.produtos_tipoitem_id_seq', 9, true);


--
-- Name: auth_group auth_group_name_key; Type: CONSTRAINT; Schema: public; Owner: postgres
--

ALTER TABLE ONLY public.auth_group
    ADD CONSTRAINT auth_group_name_key UNIQUE (name);


--
-- Name: auth_group_permissions auth_group_permissions_group_id_permission_id_0cd325b0_uniq; Type: CONSTRAINT; Schema: public; Owner: postgres
--

ALTER TABLE ONLY public.auth_group_permissions
    ADD CONSTRAINT auth_group_permissions_group_id_permission_id_0cd325b0_uniq UNIQUE (group_id, permission_id);


--
-- Name: auth_group_permissions auth_group_permissions_pkey; Type: CONSTRAINT; Schema: public; Owner: postgres
--

ALTER TABLE ONLY public.auth_group_permissions
    ADD CONSTRAINT auth_group_permissions_pkey PRIMARY KEY (id);


--
-- Name: auth_group auth_group_pkey; Type: CONSTRAINT; Schema: public; Owner: postgres
--

ALTER TABLE ONLY public.auth_group
    ADD CONSTRAINT auth_group_pkey PRIMARY KEY (id);


--
-- Name: auth_permission auth_permission_content_type_id_codename_01ab375a_uniq; Type: CONSTRAINT; Schema: public; Owner: postgres
--

ALTER TABLE ONLY public.auth_permission
    ADD CONSTRAINT auth_permission_content_type_id_codename_01ab375a_uniq UNIQUE (content_type_id, codename);


--
-- Name: auth_permission auth_permission_pkey; Type: CONSTRAINT; Schema: public; Owner: postgres
--

ALTER TABLE ONLY public.auth_permission
    ADD CONSTRAINT auth_permission_pkey PRIMARY KEY (id);


--
-- Name: authentication_customuser_groups authentication_customuse_customuser_id_group_id_8a637646_uniq; Type: CONSTRAINT; Schema: public; Owner: postgres
--

ALTER TABLE ONLY public.authentication_customuser_groups
    ADD CONSTRAINT authentication_customuse_customuser_id_group_id_8a637646_uniq UNIQUE (customuser_id, group_id);


--
-- Name: authentication_customuser_user_permissions authentication_customuse_customuser_id_permission_923704b1_uniq; Type: CONSTRAINT; Schema: public; Owner: postgres
--

ALTER TABLE ONLY public.authentication_customuser_user_permissions
    ADD CONSTRAINT authentication_customuse_customuser_id_permission_923704b1_uniq UNIQUE (customuser_id, permission_id);


--
-- Name: authentication_customuser authentication_customuser_email_key; Type: CONSTRAINT; Schema: public; Owner: postgres
--

ALTER TABLE ONLY public.authentication_customuser
    ADD CONSTRAINT authentication_customuser_email_key UNIQUE (email);


--
-- Name: authentication_customuser_groups authentication_customuser_groups_pkey; Type: CONSTRAINT; Schema: public; Owner: postgres
--

ALTER TABLE ONLY public.authentication_customuser_groups
    ADD CONSTRAINT authentication_customuser_groups_pkey PRIMARY KEY (id);


--
-- Name: authentication_customuser authentication_customuser_pkey; Type: CONSTRAINT; Schema: public; Owner: postgres
--

ALTER TABLE ONLY public.authentication_customuser
    ADD CONSTRAINT authentication_customuser_pkey PRIMARY KEY (id);


--
-- Name: authentication_customuser_user_permissions authentication_customuser_user_permissions_pkey; Type: CONSTRAINT; Schema: public; Owner: postgres
--

ALTER TABLE ONLY public.authentication_customuser_user_permissions
    ADD CONSTRAINT authentication_customuser_user_permissions_pkey PRIMARY KEY (id);


--
-- Name: clientes_cliente clientes_cliente_cnpj_key; Type: CONSTRAINT; Schema: public; Owner: postgres
--

ALTER TABLE ONLY public.clientes_cliente
    ADD CONSTRAINT clientes_cliente_cnpj_key UNIQUE (cnpj);


--
-- Name: clientes_cliente clientes_cliente_pkey; Type: CONSTRAINT; Schema: public; Owner: postgres
--

ALTER TABLE ONLY public.clientes_cliente
    ADD CONSTRAINT clientes_cliente_pkey PRIMARY KEY (id);


--
-- Name: django_admin_log django_admin_log_pkey; Type: CONSTRAINT; Schema: public; Owner: postgres
--

ALTER TABLE ONLY public.django_admin_log
    ADD CONSTRAINT django_admin_log_pkey PRIMARY KEY (id);


--
-- Name: django_content_type django_content_type_app_label_model_76bd3d3b_uniq; Type: CONSTRAINT; Schema: public; Owner: postgres
--

ALTER TABLE ONLY public.django_content_type
    ADD CONSTRAINT django_content_type_app_label_model_76bd3d3b_uniq UNIQUE (app_label, model);


--
-- Name: django_content_type django_content_type_pkey; Type: CONSTRAINT; Schema: public; Owner: postgres
--

ALTER TABLE ONLY public.django_content_type
    ADD CONSTRAINT django_content_type_pkey PRIMARY KEY (id);


--
-- Name: django_migrations django_migrations_pkey; Type: CONSTRAINT; Schema: public; Owner: postgres
--

ALTER TABLE ONLY public.django_migrations
    ADD CONSTRAINT django_migrations_pkey PRIMARY KEY (id);


--
-- Name: django_session django_session_pkey; Type: CONSTRAINT; Schema: public; Owner: postgres
--

ALTER TABLE ONLY public.django_session
    ADD CONSTRAINT django_session_pkey PRIMARY KEY (session_key);


--
-- Name: orcamentos_faixapreco orcamentos_faixapreco_pkey; Type: CONSTRAINT; Schema: public; Owner: postgres
--

ALTER TABLE ONLY public.orcamentos_faixapreco
    ADD CONSTRAINT orcamentos_faixapreco_pkey PRIMARY KEY (id);


--
-- Name: orcamentos_formapagamento orcamentos_formapagamento_pkey; Type: CONSTRAINT; Schema: public; Owner: postgres
--

ALTER TABLE ONLY public.orcamentos_formapagamento
    ADD CONSTRAINT orcamentos_formapagamento_pkey PRIMARY KEY (id);


--
-- Name: orcamentos_orcamento orcamentos_orcamento_numero_key; Type: CONSTRAINT; Schema: public; Owner: postgres
--

ALTER TABLE ONLY public.orcamentos_orcamento
    ADD CONSTRAINT orcamentos_orcamento_numero_key UNIQUE (numero);


--
-- Name: orcamentos_orcamento orcamentos_orcamento_pkey; Type: CONSTRAINT; Schema: public; Owner: postgres
--

ALTER TABLE ONLY public.orcamentos_orcamento
    ADD CONSTRAINT orcamentos_orcamento_pkey PRIMARY KEY (id);


--
-- Name: orcamentos_orcamentoitem orcamentos_orcamentoitem_pkey; Type: CONSTRAINT; Schema: public; Owner: postgres
--

ALTER TABLE ONLY public.orcamentos_orcamentoitem
    ADD CONSTRAINT orcamentos_orcamentoitem_pkey PRIMARY KEY (id);


--
-- Name: orcamentos_orcamentomodulo orcamentos_orcamentomodulo_pkey; Type: CONSTRAINT; Schema: public; Owner: postgres
--

ALTER TABLE ONLY public.orcamentos_orcamentomodulo
    ADD CONSTRAINT orcamentos_orcamentomodulo_pkey PRIMARY KEY (id);


--
-- Name: produtos_acessorio produtos_acessorio_pkey; Type: CONSTRAINT; Schema: public; Owner: postgres
--

ALTER TABLE ONLY public.produtos_acessorio
    ADD CONSTRAINT produtos_acessorio_pkey PRIMARY KEY (id);


--
-- Name: produtos_acessorio_produtos_vinculados produtos_acessorio_produ_acessorio_id_item_id_aacf3505_uniq; Type: CONSTRAINT; Schema: public; Owner: postgres
--

ALTER TABLE ONLY public.produtos_acessorio_produtos_vinculados
    ADD CONSTRAINT produtos_acessorio_produ_acessorio_id_item_id_aacf3505_uniq UNIQUE (acessorio_id, produto_id);


--
-- Name: produtos_acessorio_produtos_vinculados produtos_acessorio_produtos_vinculados_pkey; Type: CONSTRAINT; Schema: public; Owner: postgres
--

ALTER TABLE ONLY public.produtos_acessorio_produtos_vinculados
    ADD CONSTRAINT produtos_acessorio_produtos_vinculados_pkey PRIMARY KEY (id);


--
-- Name: produtos_acessorio produtos_acessorio_ref_acessorio_key; Type: CONSTRAINT; Schema: public; Owner: postgres
--

ALTER TABLE ONLY public.produtos_acessorio
    ADD CONSTRAINT produtos_acessorio_ref_acessorio_key UNIQUE (ref_acessorio);


--
-- Name: produtos_almofada produtos_almofada_pkey; Type: CONSTRAINT; Schema: public; Owner: postgres
--

ALTER TABLE ONLY public.produtos_almofada
    ADD CONSTRAINT produtos_almofada_pkey PRIMARY KEY (id);


--
-- Name: produtos_almofada produtos_almofada_ref_almofada_key; Type: CONSTRAINT; Schema: public; Owner: postgres
--

ALTER TABLE ONLY public.produtos_almofada
    ADD CONSTRAINT produtos_almofada_ref_almofada_key UNIQUE (ref_almofada);


--
-- Name: produtos_banqueta produtos_banqueta_pkey; Type: CONSTRAINT; Schema: public; Owner: postgres
--

ALTER TABLE ONLY public.produtos_banqueta
    ADD CONSTRAINT produtos_banqueta_pkey PRIMARY KEY (id);


--
-- Name: produtos_banqueta produtos_banqueta_ref_banqueta_key; Type: CONSTRAINT; Schema: public; Owner: postgres
--

ALTER TABLE ONLY public.produtos_banqueta
    ADD CONSTRAINT produtos_banqueta_ref_banqueta_key UNIQUE (ref_banqueta);


--
-- Name: produtos_cadeira produtos_cadeira_pkey; Type: CONSTRAINT; Schema: public; Owner: postgres
--

ALTER TABLE ONLY public.produtos_cadeira
    ADD CONSTRAINT produtos_cadeira_pkey PRIMARY KEY (id);


--
-- Name: produtos_cadeira produtos_cadeira_ref_cadeira_key; Type: CONSTRAINT; Schema: public; Owner: postgres
--

ALTER TABLE ONLY public.produtos_cadeira
    ADD CONSTRAINT produtos_cadeira_ref_cadeira_key UNIQUE (ref_cadeira);


--
-- Name: produtos_faixatecido produtos_faixatecido_pkey; Type: CONSTRAINT; Schema: public; Owner: postgres
--

ALTER TABLE ONLY public.produtos_faixatecido
    ADD CONSTRAINT produtos_faixatecido_pkey PRIMARY KEY (id);


--
-- Name: produtos_item produtos_item_pkey; Type: CONSTRAINT; Schema: public; Owner: postgres
--

ALTER TABLE ONLY public.produtos_item
    ADD CONSTRAINT produtos_item_pkey PRIMARY KEY (id);


--
-- Name: produtos_item_produtos_vinculados produtos_item_produtos_v_from_item_id_to_item_id_de2aa327_uniq; Type: CONSTRAINT; Schema: public; Owner: postgres
--

ALTER TABLE ONLY public.produtos_item_produtos_vinculados
    ADD CONSTRAINT produtos_item_produtos_v_from_item_id_to_item_id_de2aa327_uniq UNIQUE (from_item_id, to_item_id);


--
-- Name: produtos_item_produtos_vinculados produtos_item_produtos_vinculados_pkey; Type: CONSTRAINT; Schema: public; Owner: postgres
--

ALTER TABLE ONLY public.produtos_item_produtos_vinculados
    ADD CONSTRAINT produtos_item_produtos_vinculados_pkey PRIMARY KEY (id);


--
-- Name: produtos_item produtos_item_ref_produto_key; Type: CONSTRAINT; Schema: public; Owner: postgres
--

ALTER TABLE ONLY public.produtos_item
    ADD CONSTRAINT produtos_item_ref_produto_key UNIQUE (ref_produto);


--
-- Name: produtos_linha produtos_linha_pkey; Type: CONSTRAINT; Schema: public; Owner: postgres
--

ALTER TABLE ONLY public.produtos_linha
    ADD CONSTRAINT produtos_linha_pkey PRIMARY KEY (id);


--
-- Name: produtos_modulo produtos_modulo_pkey; Type: CONSTRAINT; Schema: public; Owner: postgres
--

ALTER TABLE ONLY public.produtos_modulo
    ADD CONSTRAINT produtos_modulo_pkey PRIMARY KEY (id);


--
-- Name: produtos_poltrona produtos_poltrona_pkey; Type: CONSTRAINT; Schema: public; Owner: postgres
--

ALTER TABLE ONLY public.produtos_poltrona
    ADD CONSTRAINT produtos_poltrona_pkey PRIMARY KEY (id);


--
-- Name: produtos_poltrona produtos_poltrona_ref_poltrona_key; Type: CONSTRAINT; Schema: public; Owner: postgres
--

ALTER TABLE ONLY public.produtos_poltrona
    ADD CONSTRAINT produtos_poltrona_ref_poltrona_key UNIQUE (ref_poltrona);


--
-- Name: produtos_precosbase produtos_precosbase_pkey; Type: CONSTRAINT; Schema: public; Owner: postgres
--

ALTER TABLE ONLY public.produtos_precosbase
    ADD CONSTRAINT produtos_precosbase_pkey PRIMARY KEY (id);


--
-- Name: produtos_produto produtos_produto_pkey; Type: CONSTRAINT; Schema: public; Owner: postgres
--

ALTER TABLE ONLY public.produtos_produto
    ADD CONSTRAINT produtos_produto_pkey PRIMARY KEY (id);


--
-- Name: produtos_produto produtos_produto_ref_produto_key; Type: CONSTRAINT; Schema: public; Owner: postgres
--

ALTER TABLE ONLY public.produtos_produto
    ADD CONSTRAINT produtos_produto_ref_produto_key UNIQUE (ref_produto);


--
-- Name: produtos_produtoacessorio produtos_produtoacessorio_pkey; Type: CONSTRAINT; Schema: public; Owner: postgres
--

ALTER TABLE ONLY public.produtos_produtoacessorio
    ADD CONSTRAINT produtos_produtoacessorio_pkey PRIMARY KEY (id);


--
-- Name: produtos_produtoacessorio produtos_produtoacessorio_produto_id_acessorio_id_eecae9db_uniq; Type: CONSTRAINT; Schema: public; Owner: postgres
--

ALTER TABLE ONLY public.produtos_produtoacessorio
    ADD CONSTRAINT produtos_produtoacessorio_produto_id_acessorio_id_eecae9db_uniq UNIQUE (produto_id, acessorio_id);


--
-- Name: produtos_produtovariacao produtos_produtovariacao_pkey; Type: CONSTRAINT; Schema: public; Owner: postgres
--

ALTER TABLE ONLY public.produtos_produtovariacao
    ADD CONSTRAINT produtos_produtovariacao_pkey PRIMARY KEY (id);


--
-- Name: produtos_produtovariacao produtos_produtovariacao_produto_id_tamanho_cor_m_9a4df8d0_uniq; Type: CONSTRAINT; Schema: public; Owner: postgres
--

ALTER TABLE ONLY public.produtos_produtovariacao
    ADD CONSTRAINT produtos_produtovariacao_produto_id_tamanho_cor_m_9a4df8d0_uniq UNIQUE (produto_id, tamanho, cor, material);


--
-- Name: produtos_pufe produtos_pufe_pkey; Type: CONSTRAINT; Schema: public; Owner: postgres
--

ALTER TABLE ONLY public.produtos_pufe
    ADD CONSTRAINT produtos_pufe_pkey PRIMARY KEY (id);


--
-- Name: produtos_pufe produtos_pufe_ref_pufe_key; Type: CONSTRAINT; Schema: public; Owner: postgres
--

ALTER TABLE ONLY public.produtos_pufe
    ADD CONSTRAINT produtos_pufe_ref_pufe_key UNIQUE (ref_pufe);


--
-- Name: produtos_sofaacessorio produtos_sofaacessorio_pkey; Type: CONSTRAINT; Schema: public; Owner: postgres
--

ALTER TABLE ONLY public.produtos_sofaacessorio
    ADD CONSTRAINT produtos_sofaacessorio_pkey PRIMARY KEY (id);


--
-- Name: produtos_sofaacessorio produtos_sofaacessorio_sofa_id_acessorio_id_f15614b7_uniq; Type: CONSTRAINT; Schema: public; Owner: postgres
--

ALTER TABLE ONLY public.produtos_sofaacessorio
    ADD CONSTRAINT produtos_sofaacessorio_sofa_id_acessorio_id_f15614b7_uniq UNIQUE (sofa_id, acessorio_id);


--
-- Name: produtos_tamanhosmodulos produtos_tamanhosmodulos_id_modulo_id_tamanho_52e16a9c_uniq; Type: CONSTRAINT; Schema: public; Owner: postgres
--

ALTER TABLE ONLY public.produtos_tamanhosmodulos
    ADD CONSTRAINT produtos_tamanhosmodulos_id_modulo_id_tamanho_52e16a9c_uniq UNIQUE (id_modulo_id, tamanho);


--
-- Name: produtos_tamanhosmodulos produtos_tamanhosmodulos_pkey; Type: CONSTRAINT; Schema: public; Owner: postgres
--

ALTER TABLE ONLY public.produtos_tamanhosmodulos
    ADD CONSTRAINT produtos_tamanhosmodulos_pkey PRIMARY KEY (id);


--
-- Name: produtos_tamanhosmodulosdetalhado produtos_tamanhosmodulosdetalhado_pkey; Type: CONSTRAINT; Schema: public; Owner: postgres
--

ALTER TABLE ONLY public.produtos_tamanhosmodulosdetalhado
    ADD CONSTRAINT produtos_tamanhosmodulosdetalhado_pkey PRIMARY KEY (id);


--
-- Name: produtos_tipoitem produtos_tipoitem_pkey; Type: CONSTRAINT; Schema: public; Owner: postgres
--

ALTER TABLE ONLY public.produtos_tipoitem
    ADD CONSTRAINT produtos_tipoitem_pkey PRIMARY KEY (id);


--
-- Name: auth_group_name_a6ea08ec_like; Type: INDEX; Schema: public; Owner: postgres
--

CREATE INDEX auth_group_name_a6ea08ec_like ON public.auth_group USING btree (name varchar_pattern_ops);


--
-- Name: auth_group_permissions_group_id_b120cbf9; Type: INDEX; Schema: public; Owner: postgres
--

CREATE INDEX auth_group_permissions_group_id_b120cbf9 ON public.auth_group_permissions USING btree (group_id);


--
-- Name: auth_group_permissions_permission_id_84c5c92e; Type: INDEX; Schema: public; Owner: postgres
--

CREATE INDEX auth_group_permissions_permission_id_84c5c92e ON public.auth_group_permissions USING btree (permission_id);


--
-- Name: auth_permission_content_type_id_2f476e4b; Type: INDEX; Schema: public; Owner: postgres
--

CREATE INDEX auth_permission_content_type_id_2f476e4b ON public.auth_permission USING btree (content_type_id);


--
-- Name: authentication_customuser__customuser_id_33d2a5f7; Type: INDEX; Schema: public; Owner: postgres
--

CREATE INDEX authentication_customuser__customuser_id_33d2a5f7 ON public.authentication_customuser_user_permissions USING btree (customuser_id);


--
-- Name: authentication_customuser__permission_id_e47332af; Type: INDEX; Schema: public; Owner: postgres
--

CREATE INDEX authentication_customuser__permission_id_e47332af ON public.authentication_customuser_user_permissions USING btree (permission_id);


--
-- Name: authentication_customuser_created_by_id_d743f534; Type: INDEX; Schema: public; Owner: postgres
--

CREATE INDEX authentication_customuser_created_by_id_d743f534 ON public.authentication_customuser USING btree (created_by_id);


--
-- Name: authentication_customuser_email_a127f886_like; Type: INDEX; Schema: public; Owner: postgres
--

CREATE INDEX authentication_customuser_email_a127f886_like ON public.authentication_customuser USING btree (email varchar_pattern_ops);


--
-- Name: authentication_customuser_groups_customuser_id_a7d1343c; Type: INDEX; Schema: public; Owner: postgres
--

CREATE INDEX authentication_customuser_groups_customuser_id_a7d1343c ON public.authentication_customuser_groups USING btree (customuser_id);


--
-- Name: authentication_customuser_groups_group_id_c5ef1d10; Type: INDEX; Schema: public; Owner: postgres
--

CREATE INDEX authentication_customuser_groups_group_id_c5ef1d10 ON public.authentication_customuser_groups USING btree (group_id);


--
-- Name: authentication_customuser_updated_by_id_fa56c1b9; Type: INDEX; Schema: public; Owner: postgres
--

CREATE INDEX authentication_customuser_updated_by_id_fa56c1b9 ON public.authentication_customuser USING btree (updated_by_id);


--
-- Name: clientes_cliente_cnpj_990e86fe_like; Type: INDEX; Schema: public; Owner: postgres
--

CREATE INDEX clientes_cliente_cnpj_990e86fe_like ON public.clientes_cliente USING btree (cnpj varchar_pattern_ops);


--
-- Name: clientes_cliente_created_by_id_488ce7ca; Type: INDEX; Schema: public; Owner: postgres
--

CREATE INDEX clientes_cliente_created_by_id_488ce7ca ON public.clientes_cliente USING btree (created_by_id);


--
-- Name: clientes_cliente_updated_by_id_b21e0106; Type: INDEX; Schema: public; Owner: postgres
--

CREATE INDEX clientes_cliente_updated_by_id_b21e0106 ON public.clientes_cliente USING btree (updated_by_id);


--
-- Name: django_admin_log_content_type_id_c4bce8eb; Type: INDEX; Schema: public; Owner: postgres
--

CREATE INDEX django_admin_log_content_type_id_c4bce8eb ON public.django_admin_log USING btree (content_type_id);


--
-- Name: django_admin_log_user_id_c564eba6; Type: INDEX; Schema: public; Owner: postgres
--

CREATE INDEX django_admin_log_user_id_c564eba6 ON public.django_admin_log USING btree (user_id);


--
-- Name: django_session_expire_date_a5c62663; Type: INDEX; Schema: public; Owner: postgres
--

CREATE INDEX django_session_expire_date_a5c62663 ON public.django_session USING btree (expire_date);


--
-- Name: django_session_session_key_c0390e0f_like; Type: INDEX; Schema: public; Owner: postgres
--

CREATE INDEX django_session_session_key_c0390e0f_like ON public.django_session USING btree (session_key varchar_pattern_ops);


--
-- Name: orcamentos_faixapreco_created_by_id_8d8554ea; Type: INDEX; Schema: public; Owner: postgres
--

CREATE INDEX orcamentos_faixapreco_created_by_id_8d8554ea ON public.orcamentos_faixapreco USING btree (created_by_id);


--
-- Name: orcamentos_faixapreco_updated_by_id_c818bfb1; Type: INDEX; Schema: public; Owner: postgres
--

CREATE INDEX orcamentos_faixapreco_updated_by_id_c818bfb1 ON public.orcamentos_faixapreco USING btree (updated_by_id);


--
-- Name: orcamentos_formapagamento_created_by_id_278ce249; Type: INDEX; Schema: public; Owner: postgres
--

CREATE INDEX orcamentos_formapagamento_created_by_id_278ce249 ON public.orcamentos_formapagamento USING btree (created_by_id);


--
-- Name: orcamentos_formapagamento_updated_by_id_e9993f57; Type: INDEX; Schema: public; Owner: postgres
--

CREATE INDEX orcamentos_formapagamento_updated_by_id_e9993f57 ON public.orcamentos_formapagamento USING btree (updated_by_id);


--
-- Name: orcamentos_orcamento_cliente_id_1503562d; Type: INDEX; Schema: public; Owner: postgres
--

CREATE INDEX orcamentos_orcamento_cliente_id_1503562d ON public.orcamentos_orcamento USING btree (cliente_id);


--
-- Name: orcamentos_orcamento_created_by_id_40fe2695; Type: INDEX; Schema: public; Owner: postgres
--

CREATE INDEX orcamentos_orcamento_created_by_id_40fe2695 ON public.orcamentos_orcamento USING btree (created_by_id);


--
-- Name: orcamentos_orcamento_faixa_preco_id_06bc7b2b; Type: INDEX; Schema: public; Owner: postgres
--

CREATE INDEX orcamentos_orcamento_faixa_preco_id_06bc7b2b ON public.orcamentos_orcamento USING btree (faixa_preco_id);


--
-- Name: orcamentos_orcamento_forma_pagamento_id_63651230; Type: INDEX; Schema: public; Owner: postgres
--

CREATE INDEX orcamentos_orcamento_forma_pagamento_id_63651230 ON public.orcamentos_orcamento USING btree (forma_pagamento_id);


--
-- Name: orcamentos_orcamento_numero_b90cfa44_like; Type: INDEX; Schema: public; Owner: postgres
--

CREATE INDEX orcamentos_orcamento_numero_b90cfa44_like ON public.orcamentos_orcamento USING btree (numero varchar_pattern_ops);


--
-- Name: orcamentos_orcamento_updated_by_id_3e58af33; Type: INDEX; Schema: public; Owner: postgres
--

CREATE INDEX orcamentos_orcamento_updated_by_id_3e58af33 ON public.orcamentos_orcamento USING btree (updated_by_id);


--
-- Name: orcamentos_orcamento_vendedor_id_d29dfdda; Type: INDEX; Schema: public; Owner: postgres
--

CREATE INDEX orcamentos_orcamento_vendedor_id_d29dfdda ON public.orcamentos_orcamento USING btree (vendedor_id);


--
-- Name: orcamentos_orcamentoitem_created_by_id_109f0ec3; Type: INDEX; Schema: public; Owner: postgres
--

CREATE INDEX orcamentos_orcamentoitem_created_by_id_109f0ec3 ON public.orcamentos_orcamentoitem USING btree (created_by_id);


--
-- Name: orcamentos_orcamentoitem_orcamento_id_87c3a8bd; Type: INDEX; Schema: public; Owner: postgres
--

CREATE INDEX orcamentos_orcamentoitem_orcamento_id_87c3a8bd ON public.orcamentos_orcamentoitem USING btree (orcamento_id);


--
-- Name: orcamentos_orcamentoitem_produto_id_22a8b28b; Type: INDEX; Schema: public; Owner: postgres
--

CREATE INDEX orcamentos_orcamentoitem_produto_id_22a8b28b ON public.orcamentos_orcamentoitem USING btree (produto_id);


--
-- Name: orcamentos_orcamentoitem_updated_by_id_0779bd83; Type: INDEX; Schema: public; Owner: postgres
--

CREATE INDEX orcamentos_orcamentoitem_updated_by_id_0779bd83 ON public.orcamentos_orcamentoitem USING btree (updated_by_id);


--
-- Name: orcamentos_orcamentomodulo_created_by_id_1f69925f; Type: INDEX; Schema: public; Owner: postgres
--

CREATE INDEX orcamentos_orcamentomodulo_created_by_id_1f69925f ON public.orcamentos_orcamentomodulo USING btree (created_by_id);


--
-- Name: orcamentos_orcamentomodulo_item_orcamento_id_57c3c2ac; Type: INDEX; Schema: public; Owner: postgres
--

CREATE INDEX orcamentos_orcamentomodulo_item_orcamento_id_57c3c2ac ON public.orcamentos_orcamentomodulo USING btree (item_orcamento_id);


--
-- Name: orcamentos_orcamentomodulo_updated_by_id_4c21b983; Type: INDEX; Schema: public; Owner: postgres
--

CREATE INDEX orcamentos_orcamentomodulo_updated_by_id_4c21b983 ON public.orcamentos_orcamentomodulo USING btree (updated_by_id);


--
-- Name: produtos_acessorio_created_by_id_9b3a7027; Type: INDEX; Schema: public; Owner: postgres
--

CREATE INDEX produtos_acessorio_created_by_id_9b3a7027 ON public.produtos_acessorio USING btree (created_by_id);


--
-- Name: produtos_acessorio_produtos_vinculados_acessorio_id_6c22e990; Type: INDEX; Schema: public; Owner: postgres
--

CREATE INDEX produtos_acessorio_produtos_vinculados_acessorio_id_6c22e990 ON public.produtos_acessorio_produtos_vinculados USING btree (acessorio_id);


--
-- Name: produtos_acessorio_produtos_vinculados_item_id_11443868; Type: INDEX; Schema: public; Owner: postgres
--

CREATE INDEX produtos_acessorio_produtos_vinculados_item_id_11443868 ON public.produtos_acessorio_produtos_vinculados USING btree (produto_id);


--
-- Name: produtos_acessorio_ref_acessorio_b26c941d_like; Type: INDEX; Schema: public; Owner: postgres
--

CREATE INDEX produtos_acessorio_ref_acessorio_b26c941d_like ON public.produtos_acessorio USING btree (ref_acessorio varchar_pattern_ops);


--
-- Name: produtos_acessorio_updated_by_id_1e9890e4; Type: INDEX; Schema: public; Owner: postgres
--

CREATE INDEX produtos_acessorio_updated_by_id_1e9890e4 ON public.produtos_acessorio USING btree (updated_by_id);


--
-- Name: produtos_almofada_created_by_id_51372f8f; Type: INDEX; Schema: public; Owner: postgres
--

CREATE INDEX produtos_almofada_created_by_id_51372f8f ON public.produtos_almofada USING btree (created_by_id);


--
-- Name: produtos_almofada_ref_almofada_cd1f28d8_like; Type: INDEX; Schema: public; Owner: postgres
--

CREATE INDEX produtos_almofada_ref_almofada_cd1f28d8_like ON public.produtos_almofada USING btree (ref_almofada varchar_pattern_ops);


--
-- Name: produtos_almofada_updated_by_id_f2603741; Type: INDEX; Schema: public; Owner: postgres
--

CREATE INDEX produtos_almofada_updated_by_id_f2603741 ON public.produtos_almofada USING btree (updated_by_id);


--
-- Name: produtos_banqueta_created_by_id_c28f7e9c; Type: INDEX; Schema: public; Owner: postgres
--

CREATE INDEX produtos_banqueta_created_by_id_c28f7e9c ON public.produtos_banqueta USING btree (created_by_id);


--
-- Name: produtos_banqueta_ref_banqueta_1e9a0938_like; Type: INDEX; Schema: public; Owner: postgres
--

CREATE INDEX produtos_banqueta_ref_banqueta_1e9a0938_like ON public.produtos_banqueta USING btree (ref_banqueta varchar_pattern_ops);


--
-- Name: produtos_banqueta_updated_by_id_3ca498f2; Type: INDEX; Schema: public; Owner: postgres
--

CREATE INDEX produtos_banqueta_updated_by_id_3ca498f2 ON public.produtos_banqueta USING btree (updated_by_id);


--
-- Name: produtos_cadeira_created_by_id_30eac639; Type: INDEX; Schema: public; Owner: postgres
--

CREATE INDEX produtos_cadeira_created_by_id_30eac639 ON public.produtos_cadeira USING btree (created_by_id);


--
-- Name: produtos_cadeira_ref_cadeira_b9f3185e_like; Type: INDEX; Schema: public; Owner: postgres
--

CREATE INDEX produtos_cadeira_ref_cadeira_b9f3185e_like ON public.produtos_cadeira USING btree (ref_cadeira varchar_pattern_ops);


--
-- Name: produtos_cadeira_updated_by_id_d31803ed; Type: INDEX; Schema: public; Owner: postgres
--

CREATE INDEX produtos_cadeira_updated_by_id_d31803ed ON public.produtos_cadeira USING btree (updated_by_id);


--
-- Name: produtos_faixatecido_created_by_id_cefa3a89; Type: INDEX; Schema: public; Owner: postgres
--

CREATE INDEX produtos_faixatecido_created_by_id_cefa3a89 ON public.produtos_faixatecido USING btree (created_by_id);


--
-- Name: produtos_faixatecido_updated_by_id_2ed223d6; Type: INDEX; Schema: public; Owner: postgres
--

CREATE INDEX produtos_faixatecido_updated_by_id_2ed223d6 ON public.produtos_faixatecido USING btree (updated_by_id);


--
-- Name: produtos_item_created_by_id_2f768070; Type: INDEX; Schema: public; Owner: postgres
--

CREATE INDEX produtos_item_created_by_id_2f768070 ON public.produtos_item USING btree (created_by_id);


--
-- Name: produtos_item_id_tipo_produto_id_692292f8; Type: INDEX; Schema: public; Owner: postgres
--

CREATE INDEX produtos_item_id_tipo_produto_id_692292f8 ON public.produtos_item USING btree (id_tipo_produto_id);


--
-- Name: produtos_item_produtos_vinculados_from_item_id_20cf152e; Type: INDEX; Schema: public; Owner: postgres
--

CREATE INDEX produtos_item_produtos_vinculados_from_item_id_20cf152e ON public.produtos_item_produtos_vinculados USING btree (from_item_id);


--
-- Name: produtos_item_produtos_vinculados_to_item_id_2af5b57c; Type: INDEX; Schema: public; Owner: postgres
--

CREATE INDEX produtos_item_produtos_vinculados_to_item_id_2af5b57c ON public.produtos_item_produtos_vinculados USING btree (to_item_id);


--
-- Name: produtos_item_ref_produto_677d3ca3_like; Type: INDEX; Schema: public; Owner: postgres
--

CREATE INDEX produtos_item_ref_produto_677d3ca3_like ON public.produtos_item USING btree (ref_produto varchar_pattern_ops);


--
-- Name: produtos_item_updated_by_id_f3ecbd8e; Type: INDEX; Schema: public; Owner: postgres
--

CREATE INDEX produtos_item_updated_by_id_f3ecbd8e ON public.produtos_item USING btree (updated_by_id);


--
-- Name: produtos_linha_created_by_id_0362d780; Type: INDEX; Schema: public; Owner: postgres
--

CREATE INDEX produtos_linha_created_by_id_0362d780 ON public.produtos_linha USING btree (created_by_id);


--
-- Name: produtos_linha_updated_by_id_82967a36; Type: INDEX; Schema: public; Owner: postgres
--

CREATE INDEX produtos_linha_updated_by_id_82967a36 ON public.produtos_linha USING btree (updated_by_id);


--
-- Name: produtos_modulo_created_by_id_1d4121e1; Type: INDEX; Schema: public; Owner: postgres
--

CREATE INDEX produtos_modulo_created_by_id_1d4121e1 ON public.produtos_modulo USING btree (created_by_id);


--
-- Name: produtos_modulo_item_id_ad6e73a6; Type: INDEX; Schema: public; Owner: postgres
--

CREATE INDEX produtos_modulo_item_id_ad6e73a6 ON public.produtos_modulo USING btree (produto_id);


--
-- Name: produtos_modulo_updated_by_id_60471d48; Type: INDEX; Schema: public; Owner: postgres
--

CREATE INDEX produtos_modulo_updated_by_id_60471d48 ON public.produtos_modulo USING btree (updated_by_id);


--
-- Name: produtos_poltrona_created_by_id_99bef452; Type: INDEX; Schema: public; Owner: postgres
--

CREATE INDEX produtos_poltrona_created_by_id_99bef452 ON public.produtos_poltrona USING btree (created_by_id);


--
-- Name: produtos_poltrona_ref_poltrona_c293cb8a_like; Type: INDEX; Schema: public; Owner: postgres
--

CREATE INDEX produtos_poltrona_ref_poltrona_c293cb8a_like ON public.produtos_poltrona USING btree (ref_poltrona varchar_pattern_ops);


--
-- Name: produtos_poltrona_updated_by_id_e46087c0; Type: INDEX; Schema: public; Owner: postgres
--

CREATE INDEX produtos_poltrona_updated_by_id_e46087c0 ON public.produtos_poltrona USING btree (updated_by_id);


--
-- Name: produtos_precosbase_created_by_id_a8262f19; Type: INDEX; Schema: public; Owner: postgres
--

CREATE INDEX produtos_precosbase_created_by_id_a8262f19 ON public.produtos_precosbase USING btree (created_by_id);


--
-- Name: produtos_precosbase_id_faixa_tecido_id_482c148f; Type: INDEX; Schema: public; Owner: postgres
--

CREATE INDEX produtos_precosbase_id_faixa_tecido_id_482c148f ON public.produtos_precosbase USING btree (id_faixa_tecido_id);


--
-- Name: produtos_precosbase_id_item_id_59090480; Type: INDEX; Schema: public; Owner: postgres
--

CREATE INDEX produtos_precosbase_id_item_id_59090480 ON public.produtos_precosbase USING btree (id_item_id);


--
-- Name: produtos_precosbase_updated_by_id_cbf78be1; Type: INDEX; Schema: public; Owner: postgres
--

CREATE INDEX produtos_precosbase_updated_by_id_cbf78be1 ON public.produtos_precosbase USING btree (updated_by_id);


--
-- Name: produtos_produto_created_by_id_5033da68; Type: INDEX; Schema: public; Owner: postgres
--

CREATE INDEX produtos_produto_created_by_id_5033da68 ON public.produtos_produto USING btree (created_by_id);


--
-- Name: produtos_produto_id_tipo_produto_id_7d903597; Type: INDEX; Schema: public; Owner: postgres
--

CREATE INDEX produtos_produto_id_tipo_produto_id_7d903597 ON public.produtos_produto USING btree (id_tipo_produto_id);


--
-- Name: produtos_produto_ref_produto_6d8f783e_like; Type: INDEX; Schema: public; Owner: postgres
--

CREATE INDEX produtos_produto_ref_produto_6d8f783e_like ON public.produtos_produto USING btree (ref_produto varchar_pattern_ops);


--
-- Name: produtos_produto_updated_by_id_6a2f095b; Type: INDEX; Schema: public; Owner: postgres
--

CREATE INDEX produtos_produto_updated_by_id_6a2f095b ON public.produtos_produto USING btree (updated_by_id);


--
-- Name: produtos_produtoacessorio_acessorio_id_17b94c5e; Type: INDEX; Schema: public; Owner: postgres
--

CREATE INDEX produtos_produtoacessorio_acessorio_id_17b94c5e ON public.produtos_produtoacessorio USING btree (acessorio_id);


--
-- Name: produtos_produtoacessorio_created_by_id_e340b222; Type: INDEX; Schema: public; Owner: postgres
--

CREATE INDEX produtos_produtoacessorio_created_by_id_e340b222 ON public.produtos_produtoacessorio USING btree (created_by_id);


--
-- Name: produtos_produtoacessorio_produto_id_4f2fedf7; Type: INDEX; Schema: public; Owner: postgres
--

CREATE INDEX produtos_produtoacessorio_produto_id_4f2fedf7 ON public.produtos_produtoacessorio USING btree (produto_id);


--
-- Name: produtos_produtoacessorio_updated_by_id_bf5d21dd; Type: INDEX; Schema: public; Owner: postgres
--

CREATE INDEX produtos_produtoacessorio_updated_by_id_bf5d21dd ON public.produtos_produtoacessorio USING btree (updated_by_id);


--
-- Name: produtos_produtovariacao_created_by_id_b1e5ae33; Type: INDEX; Schema: public; Owner: postgres
--

CREATE INDEX produtos_produtovariacao_created_by_id_b1e5ae33 ON public.produtos_produtovariacao USING btree (created_by_id);


--
-- Name: produtos_produtovariacao_produto_id_f44ba6c6; Type: INDEX; Schema: public; Owner: postgres
--

CREATE INDEX produtos_produtovariacao_produto_id_f44ba6c6 ON public.produtos_produtovariacao USING btree (produto_id);


--
-- Name: produtos_produtovariacao_updated_by_id_03b4fa5c; Type: INDEX; Schema: public; Owner: postgres
--

CREATE INDEX produtos_produtovariacao_updated_by_id_03b4fa5c ON public.produtos_produtovariacao USING btree (updated_by_id);


--
-- Name: produtos_pufe_created_by_id_f00c14a6; Type: INDEX; Schema: public; Owner: postgres
--

CREATE INDEX produtos_pufe_created_by_id_f00c14a6 ON public.produtos_pufe USING btree (created_by_id);


--
-- Name: produtos_pufe_ref_pufe_8d193735_like; Type: INDEX; Schema: public; Owner: postgres
--

CREATE INDEX produtos_pufe_ref_pufe_8d193735_like ON public.produtos_pufe USING btree (ref_pufe varchar_pattern_ops);


--
-- Name: produtos_pufe_updated_by_id_139d1d57; Type: INDEX; Schema: public; Owner: postgres
--

CREATE INDEX produtos_pufe_updated_by_id_139d1d57 ON public.produtos_pufe USING btree (updated_by_id);


--
-- Name: produtos_sofaacessorio_acessorio_id_ddf7d33d; Type: INDEX; Schema: public; Owner: postgres
--

CREATE INDEX produtos_sofaacessorio_acessorio_id_ddf7d33d ON public.produtos_sofaacessorio USING btree (acessorio_id);


--
-- Name: produtos_sofaacessorio_created_by_id_2e2f9ee5; Type: INDEX; Schema: public; Owner: postgres
--

CREATE INDEX produtos_sofaacessorio_created_by_id_2e2f9ee5 ON public.produtos_sofaacessorio USING btree (created_by_id);


--
-- Name: produtos_sofaacessorio_sofa_id_0b050bed; Type: INDEX; Schema: public; Owner: postgres
--

CREATE INDEX produtos_sofaacessorio_sofa_id_0b050bed ON public.produtos_sofaacessorio USING btree (sofa_id);


--
-- Name: produtos_sofaacessorio_updated_by_id_e45ad048; Type: INDEX; Schema: public; Owner: postgres
--

CREATE INDEX produtos_sofaacessorio_updated_by_id_e45ad048 ON public.produtos_sofaacessorio USING btree (updated_by_id);


--
-- Name: produtos_tamanhosmodulos_created_by_id_f2d0757e; Type: INDEX; Schema: public; Owner: postgres
--

CREATE INDEX produtos_tamanhosmodulos_created_by_id_f2d0757e ON public.produtos_tamanhosmodulos USING btree (created_by_id);


--
-- Name: produtos_tamanhosmodulos_id_modulo_id_08e2db0e; Type: INDEX; Schema: public; Owner: postgres
--

CREATE INDEX produtos_tamanhosmodulos_id_modulo_id_08e2db0e ON public.produtos_tamanhosmodulos USING btree (id_modulo_id);


--
-- Name: produtos_tamanhosmodulos_updated_by_id_c3bcaa22; Type: INDEX; Schema: public; Owner: postgres
--

CREATE INDEX produtos_tamanhosmodulos_updated_by_id_c3bcaa22 ON public.produtos_tamanhosmodulos USING btree (updated_by_id);


--
-- Name: produtos_tamanhosmodulosdetalhado_created_by_id_12caa78f; Type: INDEX; Schema: public; Owner: postgres
--

CREATE INDEX produtos_tamanhosmodulosdetalhado_created_by_id_12caa78f ON public.produtos_tamanhosmodulosdetalhado USING btree (created_by_id);


--
-- Name: produtos_tamanhosmodulosdetalhado_id_modulo_id_7ade37a7; Type: INDEX; Schema: public; Owner: postgres
--

CREATE INDEX produtos_tamanhosmodulosdetalhado_id_modulo_id_7ade37a7 ON public.produtos_tamanhosmodulosdetalhado USING btree (id_modulo_id);


--
-- Name: produtos_tamanhosmodulosdetalhado_updated_by_id_cd108b50; Type: INDEX; Schema: public; Owner: postgres
--

CREATE INDEX produtos_tamanhosmodulosdetalhado_updated_by_id_cd108b50 ON public.produtos_tamanhosmodulosdetalhado USING btree (updated_by_id);


--
-- Name: produtos_tipoitem_created_by_id_4c360942; Type: INDEX; Schema: public; Owner: postgres
--

CREATE INDEX produtos_tipoitem_created_by_id_4c360942 ON public.produtos_tipoitem USING btree (created_by_id);


--
-- Name: produtos_tipoitem_updated_by_id_fb3f0be1; Type: INDEX; Schema: public; Owner: postgres
--

CREATE INDEX produtos_tipoitem_updated_by_id_fb3f0be1 ON public.produtos_tipoitem USING btree (updated_by_id);


--
-- Name: auth_group_permissions auth_group_permissio_permission_id_84c5c92e_fk_auth_perm; Type: FK CONSTRAINT; Schema: public; Owner: postgres
--

ALTER TABLE ONLY public.auth_group_permissions
    ADD CONSTRAINT auth_group_permissio_permission_id_84c5c92e_fk_auth_perm FOREIGN KEY (permission_id) REFERENCES public.auth_permission(id) DEFERRABLE INITIALLY DEFERRED;


--
-- Name: auth_group_permissions auth_group_permissions_group_id_b120cbf9_fk_auth_group_id; Type: FK CONSTRAINT; Schema: public; Owner: postgres
--

ALTER TABLE ONLY public.auth_group_permissions
    ADD CONSTRAINT auth_group_permissions_group_id_b120cbf9_fk_auth_group_id FOREIGN KEY (group_id) REFERENCES public.auth_group(id) DEFERRABLE INITIALLY DEFERRED;


--
-- Name: auth_permission auth_permission_content_type_id_2f476e4b_fk_django_co; Type: FK CONSTRAINT; Schema: public; Owner: postgres
--

ALTER TABLE ONLY public.auth_permission
    ADD CONSTRAINT auth_permission_content_type_id_2f476e4b_fk_django_co FOREIGN KEY (content_type_id) REFERENCES public.django_content_type(id) DEFERRABLE INITIALLY DEFERRED;


--
-- Name: authentication_customuser authentication_custo_created_by_id_d743f534_fk_authentic; Type: FK CONSTRAINT; Schema: public; Owner: postgres
--

ALTER TABLE ONLY public.authentication_customuser
    ADD CONSTRAINT authentication_custo_created_by_id_d743f534_fk_authentic FOREIGN KEY (created_by_id) REFERENCES public.authentication_customuser(id) DEFERRABLE INITIALLY DEFERRED;


--
-- Name: authentication_customuser_user_permissions authentication_custo_customuser_id_33d2a5f7_fk_authentic; Type: FK CONSTRAINT; Schema: public; Owner: postgres
--

ALTER TABLE ONLY public.authentication_customuser_user_permissions
    ADD CONSTRAINT authentication_custo_customuser_id_33d2a5f7_fk_authentic FOREIGN KEY (customuser_id) REFERENCES public.authentication_customuser(id) DEFERRABLE INITIALLY DEFERRED;


--
-- Name: authentication_customuser_groups authentication_custo_customuser_id_a7d1343c_fk_authentic; Type: FK CONSTRAINT; Schema: public; Owner: postgres
--

ALTER TABLE ONLY public.authentication_customuser_groups
    ADD CONSTRAINT authentication_custo_customuser_id_a7d1343c_fk_authentic FOREIGN KEY (customuser_id) REFERENCES public.authentication_customuser(id) DEFERRABLE INITIALLY DEFERRED;


--
-- Name: authentication_customuser_groups authentication_custo_group_id_c5ef1d10_fk_auth_grou; Type: FK CONSTRAINT; Schema: public; Owner: postgres
--

ALTER TABLE ONLY public.authentication_customuser_groups
    ADD CONSTRAINT authentication_custo_group_id_c5ef1d10_fk_auth_grou FOREIGN KEY (group_id) REFERENCES public.auth_group(id) DEFERRABLE INITIALLY DEFERRED;


--
-- Name: authentication_customuser_user_permissions authentication_custo_permission_id_e47332af_fk_auth_perm; Type: FK CONSTRAINT; Schema: public; Owner: postgres
--

ALTER TABLE ONLY public.authentication_customuser_user_permissions
    ADD CONSTRAINT authentication_custo_permission_id_e47332af_fk_auth_perm FOREIGN KEY (permission_id) REFERENCES public.auth_permission(id) DEFERRABLE INITIALLY DEFERRED;


--
-- Name: authentication_customuser authentication_custo_updated_by_id_fa56c1b9_fk_authentic; Type: FK CONSTRAINT; Schema: public; Owner: postgres
--

ALTER TABLE ONLY public.authentication_customuser
    ADD CONSTRAINT authentication_custo_updated_by_id_fa56c1b9_fk_authentic FOREIGN KEY (updated_by_id) REFERENCES public.authentication_customuser(id) DEFERRABLE INITIALLY DEFERRED;


--
-- Name: clientes_cliente clientes_cliente_created_by_id_488ce7ca_fk_authentic; Type: FK CONSTRAINT; Schema: public; Owner: postgres
--

ALTER TABLE ONLY public.clientes_cliente
    ADD CONSTRAINT clientes_cliente_created_by_id_488ce7ca_fk_authentic FOREIGN KEY (created_by_id) REFERENCES public.authentication_customuser(id) DEFERRABLE INITIALLY DEFERRED;


--
-- Name: clientes_cliente clientes_cliente_updated_by_id_b21e0106_fk_authentic; Type: FK CONSTRAINT; Schema: public; Owner: postgres
--

ALTER TABLE ONLY public.clientes_cliente
    ADD CONSTRAINT clientes_cliente_updated_by_id_b21e0106_fk_authentic FOREIGN KEY (updated_by_id) REFERENCES public.authentication_customuser(id) DEFERRABLE INITIALLY DEFERRED;


--
-- Name: django_admin_log django_admin_log_content_type_id_c4bce8eb_fk_django_co; Type: FK CONSTRAINT; Schema: public; Owner: postgres
--

ALTER TABLE ONLY public.django_admin_log
    ADD CONSTRAINT django_admin_log_content_type_id_c4bce8eb_fk_django_co FOREIGN KEY (content_type_id) REFERENCES public.django_content_type(id) DEFERRABLE INITIALLY DEFERRED;


--
-- Name: django_admin_log django_admin_log_user_id_c564eba6_fk_authentic; Type: FK CONSTRAINT; Schema: public; Owner: postgres
--

ALTER TABLE ONLY public.django_admin_log
    ADD CONSTRAINT django_admin_log_user_id_c564eba6_fk_authentic FOREIGN KEY (user_id) REFERENCES public.authentication_customuser(id) DEFERRABLE INITIALLY DEFERRED;


--
-- Name: orcamentos_faixapreco orcamentos_faixaprec_created_by_id_8d8554ea_fk_authentic; Type: FK CONSTRAINT; Schema: public; Owner: postgres
--

ALTER TABLE ONLY public.orcamentos_faixapreco
    ADD CONSTRAINT orcamentos_faixaprec_created_by_id_8d8554ea_fk_authentic FOREIGN KEY (created_by_id) REFERENCES public.authentication_customuser(id) DEFERRABLE INITIALLY DEFERRED;


--
-- Name: orcamentos_faixapreco orcamentos_faixaprec_updated_by_id_c818bfb1_fk_authentic; Type: FK CONSTRAINT; Schema: public; Owner: postgres
--

ALTER TABLE ONLY public.orcamentos_faixapreco
    ADD CONSTRAINT orcamentos_faixaprec_updated_by_id_c818bfb1_fk_authentic FOREIGN KEY (updated_by_id) REFERENCES public.authentication_customuser(id) DEFERRABLE INITIALLY DEFERRED;


--
-- Name: orcamentos_formapagamento orcamentos_formapaga_created_by_id_278ce249_fk_authentic; Type: FK CONSTRAINT; Schema: public; Owner: postgres
--

ALTER TABLE ONLY public.orcamentos_formapagamento
    ADD CONSTRAINT orcamentos_formapaga_created_by_id_278ce249_fk_authentic FOREIGN KEY (created_by_id) REFERENCES public.authentication_customuser(id) DEFERRABLE INITIALLY DEFERRED;


--
-- Name: orcamentos_formapagamento orcamentos_formapaga_updated_by_id_e9993f57_fk_authentic; Type: FK CONSTRAINT; Schema: public; Owner: postgres
--

ALTER TABLE ONLY public.orcamentos_formapagamento
    ADD CONSTRAINT orcamentos_formapaga_updated_by_id_e9993f57_fk_authentic FOREIGN KEY (updated_by_id) REFERENCES public.authentication_customuser(id) DEFERRABLE INITIALLY DEFERRED;


--
-- Name: orcamentos_orcamento orcamentos_orcamento_cliente_id_1503562d_fk_clientes_cliente_id; Type: FK CONSTRAINT; Schema: public; Owner: postgres
--

ALTER TABLE ONLY public.orcamentos_orcamento
    ADD CONSTRAINT orcamentos_orcamento_cliente_id_1503562d_fk_clientes_cliente_id FOREIGN KEY (cliente_id) REFERENCES public.clientes_cliente(id) DEFERRABLE INITIALLY DEFERRED;


--
-- Name: orcamentos_orcamentoitem orcamentos_orcamento_created_by_id_109f0ec3_fk_authentic; Type: FK CONSTRAINT; Schema: public; Owner: postgres
--

ALTER TABLE ONLY public.orcamentos_orcamentoitem
    ADD CONSTRAINT orcamentos_orcamento_created_by_id_109f0ec3_fk_authentic FOREIGN KEY (created_by_id) REFERENCES public.authentication_customuser(id) DEFERRABLE INITIALLY DEFERRED;


--
-- Name: orcamentos_orcamentomodulo orcamentos_orcamento_created_by_id_1f69925f_fk_authentic; Type: FK CONSTRAINT; Schema: public; Owner: postgres
--

ALTER TABLE ONLY public.orcamentos_orcamentomodulo
    ADD CONSTRAINT orcamentos_orcamento_created_by_id_1f69925f_fk_authentic FOREIGN KEY (created_by_id) REFERENCES public.authentication_customuser(id) DEFERRABLE INITIALLY DEFERRED;


--
-- Name: orcamentos_orcamento orcamentos_orcamento_created_by_id_40fe2695_fk_authentic; Type: FK CONSTRAINT; Schema: public; Owner: postgres
--

ALTER TABLE ONLY public.orcamentos_orcamento
    ADD CONSTRAINT orcamentos_orcamento_created_by_id_40fe2695_fk_authentic FOREIGN KEY (created_by_id) REFERENCES public.authentication_customuser(id) DEFERRABLE INITIALLY DEFERRED;


--
-- Name: orcamentos_orcamento orcamentos_orcamento_faixa_preco_id_06bc7b2b_fk_orcamento; Type: FK CONSTRAINT; Schema: public; Owner: postgres
--

ALTER TABLE ONLY public.orcamentos_orcamento
    ADD CONSTRAINT orcamentos_orcamento_faixa_preco_id_06bc7b2b_fk_orcamento FOREIGN KEY (faixa_preco_id) REFERENCES public.orcamentos_faixapreco(id) DEFERRABLE INITIALLY DEFERRED;


--
-- Name: orcamentos_orcamento orcamentos_orcamento_forma_pagamento_id_63651230_fk_orcamento; Type: FK CONSTRAINT; Schema: public; Owner: postgres
--

ALTER TABLE ONLY public.orcamentos_orcamento
    ADD CONSTRAINT orcamentos_orcamento_forma_pagamento_id_63651230_fk_orcamento FOREIGN KEY (forma_pagamento_id) REFERENCES public.orcamentos_formapagamento(id) DEFERRABLE INITIALLY DEFERRED;


--
-- Name: orcamentos_orcamentomodulo orcamentos_orcamento_item_orcamento_id_57c3c2ac_fk_orcamento; Type: FK CONSTRAINT; Schema: public; Owner: postgres
--

ALTER TABLE ONLY public.orcamentos_orcamentomodulo
    ADD CONSTRAINT orcamentos_orcamento_item_orcamento_id_57c3c2ac_fk_orcamento FOREIGN KEY (item_orcamento_id) REFERENCES public.orcamentos_orcamentoitem(id) DEFERRABLE INITIALLY DEFERRED;


--
-- Name: orcamentos_orcamentoitem orcamentos_orcamento_orcamento_id_87c3a8bd_fk_orcamento; Type: FK CONSTRAINT; Schema: public; Owner: postgres
--

ALTER TABLE ONLY public.orcamentos_orcamentoitem
    ADD CONSTRAINT orcamentos_orcamento_orcamento_id_87c3a8bd_fk_orcamento FOREIGN KEY (orcamento_id) REFERENCES public.orcamentos_orcamento(id) DEFERRABLE INITIALLY DEFERRED;


--
-- Name: orcamentos_orcamentoitem orcamentos_orcamento_produto_id_22a8b28b_fk_produtos_; Type: FK CONSTRAINT; Schema: public; Owner: postgres
--

ALTER TABLE ONLY public.orcamentos_orcamentoitem
    ADD CONSTRAINT orcamentos_orcamento_produto_id_22a8b28b_fk_produtos_ FOREIGN KEY (produto_id) REFERENCES public.produtos_produto(id) DEFERRABLE INITIALLY DEFERRED;


--
-- Name: orcamentos_orcamentoitem orcamentos_orcamento_updated_by_id_0779bd83_fk_authentic; Type: FK CONSTRAINT; Schema: public; Owner: postgres
--

ALTER TABLE ONLY public.orcamentos_orcamentoitem
    ADD CONSTRAINT orcamentos_orcamento_updated_by_id_0779bd83_fk_authentic FOREIGN KEY (updated_by_id) REFERENCES public.authentication_customuser(id) DEFERRABLE INITIALLY DEFERRED;


--
-- Name: orcamentos_orcamento orcamentos_orcamento_updated_by_id_3e58af33_fk_authentic; Type: FK CONSTRAINT; Schema: public; Owner: postgres
--

ALTER TABLE ONLY public.orcamentos_orcamento
    ADD CONSTRAINT orcamentos_orcamento_updated_by_id_3e58af33_fk_authentic FOREIGN KEY (updated_by_id) REFERENCES public.authentication_customuser(id) DEFERRABLE INITIALLY DEFERRED;


--
-- Name: orcamentos_orcamentomodulo orcamentos_orcamento_updated_by_id_4c21b983_fk_authentic; Type: FK CONSTRAINT; Schema: public; Owner: postgres
--

ALTER TABLE ONLY public.orcamentos_orcamentomodulo
    ADD CONSTRAINT orcamentos_orcamento_updated_by_id_4c21b983_fk_authentic FOREIGN KEY (updated_by_id) REFERENCES public.authentication_customuser(id) DEFERRABLE INITIALLY DEFERRED;


--
-- Name: orcamentos_orcamento orcamentos_orcamento_vendedor_id_d29dfdda_fk_authentic; Type: FK CONSTRAINT; Schema: public; Owner: postgres
--

ALTER TABLE ONLY public.orcamentos_orcamento
    ADD CONSTRAINT orcamentos_orcamento_vendedor_id_d29dfdda_fk_authentic FOREIGN KEY (vendedor_id) REFERENCES public.authentication_customuser(id) DEFERRABLE INITIALLY DEFERRED;


--
-- Name: produtos_acessorio produtos_acessorio_created_by_id_9b3a7027_fk_authentic; Type: FK CONSTRAINT; Schema: public; Owner: postgres
--

ALTER TABLE ONLY public.produtos_acessorio
    ADD CONSTRAINT produtos_acessorio_created_by_id_9b3a7027_fk_authentic FOREIGN KEY (created_by_id) REFERENCES public.authentication_customuser(id) DEFERRABLE INITIALLY DEFERRED;


--
-- Name: produtos_acessorio_produtos_vinculados produtos_acessorio_p_acessorio_id_6c22e990_fk_produtos_; Type: FK CONSTRAINT; Schema: public; Owner: postgres
--

ALTER TABLE ONLY public.produtos_acessorio_produtos_vinculados
    ADD CONSTRAINT produtos_acessorio_p_acessorio_id_6c22e990_fk_produtos_ FOREIGN KEY (acessorio_id) REFERENCES public.produtos_acessorio(id) DEFERRABLE INITIALLY DEFERRED;


--
-- Name: produtos_acessorio_produtos_vinculados produtos_acessorio_p_produto_id_61ce61ef_fk_produtos_; Type: FK CONSTRAINT; Schema: public; Owner: postgres
--

ALTER TABLE ONLY public.produtos_acessorio_produtos_vinculados
    ADD CONSTRAINT produtos_acessorio_p_produto_id_61ce61ef_fk_produtos_ FOREIGN KEY (produto_id) REFERENCES public.produtos_produto(id) DEFERRABLE INITIALLY DEFERRED;


--
-- Name: produtos_acessorio produtos_acessorio_updated_by_id_1e9890e4_fk_authentic; Type: FK CONSTRAINT; Schema: public; Owner: postgres
--

ALTER TABLE ONLY public.produtos_acessorio
    ADD CONSTRAINT produtos_acessorio_updated_by_id_1e9890e4_fk_authentic FOREIGN KEY (updated_by_id) REFERENCES public.authentication_customuser(id) DEFERRABLE INITIALLY DEFERRED;


--
-- Name: produtos_almofada produtos_almofada_created_by_id_51372f8f_fk_authentic; Type: FK CONSTRAINT; Schema: public; Owner: postgres
--

ALTER TABLE ONLY public.produtos_almofada
    ADD CONSTRAINT produtos_almofada_created_by_id_51372f8f_fk_authentic FOREIGN KEY (created_by_id) REFERENCES public.authentication_customuser(id) DEFERRABLE INITIALLY DEFERRED;


--
-- Name: produtos_almofada produtos_almofada_updated_by_id_f2603741_fk_authentic; Type: FK CONSTRAINT; Schema: public; Owner: postgres
--

ALTER TABLE ONLY public.produtos_almofada
    ADD CONSTRAINT produtos_almofada_updated_by_id_f2603741_fk_authentic FOREIGN KEY (updated_by_id) REFERENCES public.authentication_customuser(id) DEFERRABLE INITIALLY DEFERRED;


--
-- Name: produtos_banqueta produtos_banqueta_created_by_id_c28f7e9c_fk_authentic; Type: FK CONSTRAINT; Schema: public; Owner: postgres
--

ALTER TABLE ONLY public.produtos_banqueta
    ADD CONSTRAINT produtos_banqueta_created_by_id_c28f7e9c_fk_authentic FOREIGN KEY (created_by_id) REFERENCES public.authentication_customuser(id) DEFERRABLE INITIALLY DEFERRED;


--
-- Name: produtos_banqueta produtos_banqueta_updated_by_id_3ca498f2_fk_authentic; Type: FK CONSTRAINT; Schema: public; Owner: postgres
--

ALTER TABLE ONLY public.produtos_banqueta
    ADD CONSTRAINT produtos_banqueta_updated_by_id_3ca498f2_fk_authentic FOREIGN KEY (updated_by_id) REFERENCES public.authentication_customuser(id) DEFERRABLE INITIALLY DEFERRED;


--
-- Name: produtos_cadeira produtos_cadeira_created_by_id_30eac639_fk_authentic; Type: FK CONSTRAINT; Schema: public; Owner: postgres
--

ALTER TABLE ONLY public.produtos_cadeira
    ADD CONSTRAINT produtos_cadeira_created_by_id_30eac639_fk_authentic FOREIGN KEY (created_by_id) REFERENCES public.authentication_customuser(id) DEFERRABLE INITIALLY DEFERRED;


--
-- Name: produtos_cadeira produtos_cadeira_updated_by_id_d31803ed_fk_authentic; Type: FK CONSTRAINT; Schema: public; Owner: postgres
--

ALTER TABLE ONLY public.produtos_cadeira
    ADD CONSTRAINT produtos_cadeira_updated_by_id_d31803ed_fk_authentic FOREIGN KEY (updated_by_id) REFERENCES public.authentication_customuser(id) DEFERRABLE INITIALLY DEFERRED;


--
-- Name: produtos_faixatecido produtos_faixatecido_created_by_id_cefa3a89_fk_authentic; Type: FK CONSTRAINT; Schema: public; Owner: postgres
--

ALTER TABLE ONLY public.produtos_faixatecido
    ADD CONSTRAINT produtos_faixatecido_created_by_id_cefa3a89_fk_authentic FOREIGN KEY (created_by_id) REFERENCES public.authentication_customuser(id) DEFERRABLE INITIALLY DEFERRED;


--
-- Name: produtos_faixatecido produtos_faixatecido_updated_by_id_2ed223d6_fk_authentic; Type: FK CONSTRAINT; Schema: public; Owner: postgres
--

ALTER TABLE ONLY public.produtos_faixatecido
    ADD CONSTRAINT produtos_faixatecido_updated_by_id_2ed223d6_fk_authentic FOREIGN KEY (updated_by_id) REFERENCES public.authentication_customuser(id) DEFERRABLE INITIALLY DEFERRED;


--
-- Name: produtos_item produtos_item_created_by_id_2f768070_fk_authentic; Type: FK CONSTRAINT; Schema: public; Owner: postgres
--

ALTER TABLE ONLY public.produtos_item
    ADD CONSTRAINT produtos_item_created_by_id_2f768070_fk_authentic FOREIGN KEY (created_by_id) REFERENCES public.authentication_customuser(id) DEFERRABLE INITIALLY DEFERRED;


--
-- Name: produtos_item produtos_item_id_tipo_produto_id_692292f8_fk_produtos_; Type: FK CONSTRAINT; Schema: public; Owner: postgres
--

ALTER TABLE ONLY public.produtos_item
    ADD CONSTRAINT produtos_item_id_tipo_produto_id_692292f8_fk_produtos_ FOREIGN KEY (id_tipo_produto_id) REFERENCES public.produtos_tipoitem(id) DEFERRABLE INITIALLY DEFERRED;


--
-- Name: produtos_item_produtos_vinculados produtos_item_produt_from_item_id_20cf152e_fk_produtos_; Type: FK CONSTRAINT; Schema: public; Owner: postgres
--

ALTER TABLE ONLY public.produtos_item_produtos_vinculados
    ADD CONSTRAINT produtos_item_produt_from_item_id_20cf152e_fk_produtos_ FOREIGN KEY (from_item_id) REFERENCES public.produtos_item(id) DEFERRABLE INITIALLY DEFERRED;


--
-- Name: produtos_item_produtos_vinculados produtos_item_produt_to_item_id_2af5b57c_fk_produtos_; Type: FK CONSTRAINT; Schema: public; Owner: postgres
--

ALTER TABLE ONLY public.produtos_item_produtos_vinculados
    ADD CONSTRAINT produtos_item_produt_to_item_id_2af5b57c_fk_produtos_ FOREIGN KEY (to_item_id) REFERENCES public.produtos_item(id) DEFERRABLE INITIALLY DEFERRED;


--
-- Name: produtos_item produtos_item_updated_by_id_f3ecbd8e_fk_authentic; Type: FK CONSTRAINT; Schema: public; Owner: postgres
--

ALTER TABLE ONLY public.produtos_item
    ADD CONSTRAINT produtos_item_updated_by_id_f3ecbd8e_fk_authentic FOREIGN KEY (updated_by_id) REFERENCES public.authentication_customuser(id) DEFERRABLE INITIALLY DEFERRED;


--
-- Name: produtos_linha produtos_linha_created_by_id_0362d780_fk_authentic; Type: FK CONSTRAINT; Schema: public; Owner: postgres
--

ALTER TABLE ONLY public.produtos_linha
    ADD CONSTRAINT produtos_linha_created_by_id_0362d780_fk_authentic FOREIGN KEY (created_by_id) REFERENCES public.authentication_customuser(id) DEFERRABLE INITIALLY DEFERRED;


--
-- Name: produtos_linha produtos_linha_updated_by_id_82967a36_fk_authentic; Type: FK CONSTRAINT; Schema: public; Owner: postgres
--

ALTER TABLE ONLY public.produtos_linha
    ADD CONSTRAINT produtos_linha_updated_by_id_82967a36_fk_authentic FOREIGN KEY (updated_by_id) REFERENCES public.authentication_customuser(id) DEFERRABLE INITIALLY DEFERRED;


--
-- Name: produtos_modulo produtos_modulo_created_by_id_1d4121e1_fk_authentic; Type: FK CONSTRAINT; Schema: public; Owner: postgres
--

ALTER TABLE ONLY public.produtos_modulo
    ADD CONSTRAINT produtos_modulo_created_by_id_1d4121e1_fk_authentic FOREIGN KEY (created_by_id) REFERENCES public.authentication_customuser(id) DEFERRABLE INITIALLY DEFERRED;


--
-- Name: produtos_modulo produtos_modulo_produto_id_a0ebae51_fk_produtos_produto_id; Type: FK CONSTRAINT; Schema: public; Owner: postgres
--

ALTER TABLE ONLY public.produtos_modulo
    ADD CONSTRAINT produtos_modulo_produto_id_a0ebae51_fk_produtos_produto_id FOREIGN KEY (produto_id) REFERENCES public.produtos_produto(id) DEFERRABLE INITIALLY DEFERRED;


--
-- Name: produtos_modulo produtos_modulo_updated_by_id_60471d48_fk_authentic; Type: FK CONSTRAINT; Schema: public; Owner: postgres
--

ALTER TABLE ONLY public.produtos_modulo
    ADD CONSTRAINT produtos_modulo_updated_by_id_60471d48_fk_authentic FOREIGN KEY (updated_by_id) REFERENCES public.authentication_customuser(id) DEFERRABLE INITIALLY DEFERRED;


--
-- Name: produtos_poltrona produtos_poltrona_created_by_id_99bef452_fk_authentic; Type: FK CONSTRAINT; Schema: public; Owner: postgres
--

ALTER TABLE ONLY public.produtos_poltrona
    ADD CONSTRAINT produtos_poltrona_created_by_id_99bef452_fk_authentic FOREIGN KEY (created_by_id) REFERENCES public.authentication_customuser(id) DEFERRABLE INITIALLY DEFERRED;


--
-- Name: produtos_poltrona produtos_poltrona_updated_by_id_e46087c0_fk_authentic; Type: FK CONSTRAINT; Schema: public; Owner: postgres
--

ALTER TABLE ONLY public.produtos_poltrona
    ADD CONSTRAINT produtos_poltrona_updated_by_id_e46087c0_fk_authentic FOREIGN KEY (updated_by_id) REFERENCES public.authentication_customuser(id) DEFERRABLE INITIALLY DEFERRED;


--
-- Name: produtos_precosbase produtos_precosbase_created_by_id_a8262f19_fk_authentic; Type: FK CONSTRAINT; Schema: public; Owner: postgres
--

ALTER TABLE ONLY public.produtos_precosbase
    ADD CONSTRAINT produtos_precosbase_created_by_id_a8262f19_fk_authentic FOREIGN KEY (created_by_id) REFERENCES public.authentication_customuser(id) DEFERRABLE INITIALLY DEFERRED;


--
-- Name: produtos_precosbase produtos_precosbase_id_faixa_tecido_id_482c148f_fk_produtos_; Type: FK CONSTRAINT; Schema: public; Owner: postgres
--

ALTER TABLE ONLY public.produtos_precosbase
    ADD CONSTRAINT produtos_precosbase_id_faixa_tecido_id_482c148f_fk_produtos_ FOREIGN KEY (id_faixa_tecido_id) REFERENCES public.produtos_faixatecido(id) DEFERRABLE INITIALLY DEFERRED;


--
-- Name: produtos_precosbase produtos_precosbase_id_item_id_59090480_fk_produtos_item_id; Type: FK CONSTRAINT; Schema: public; Owner: postgres
--

ALTER TABLE ONLY public.produtos_precosbase
    ADD CONSTRAINT produtos_precosbase_id_item_id_59090480_fk_produtos_item_id FOREIGN KEY (id_item_id) REFERENCES public.produtos_item(id) DEFERRABLE INITIALLY DEFERRED;


--
-- Name: produtos_precosbase produtos_precosbase_updated_by_id_cbf78be1_fk_authentic; Type: FK CONSTRAINT; Schema: public; Owner: postgres
--

ALTER TABLE ONLY public.produtos_precosbase
    ADD CONSTRAINT produtos_precosbase_updated_by_id_cbf78be1_fk_authentic FOREIGN KEY (updated_by_id) REFERENCES public.authentication_customuser(id) DEFERRABLE INITIALLY DEFERRED;


--
-- Name: produtos_produto produtos_produto_created_by_id_5033da68_fk_authentic; Type: FK CONSTRAINT; Schema: public; Owner: postgres
--

ALTER TABLE ONLY public.produtos_produto
    ADD CONSTRAINT produtos_produto_created_by_id_5033da68_fk_authentic FOREIGN KEY (created_by_id) REFERENCES public.authentication_customuser(id) DEFERRABLE INITIALLY DEFERRED;


--
-- Name: produtos_produto produtos_produto_id_tipo_produto_id_7d903597_fk_produtos_; Type: FK CONSTRAINT; Schema: public; Owner: postgres
--

ALTER TABLE ONLY public.produtos_produto
    ADD CONSTRAINT produtos_produto_id_tipo_produto_id_7d903597_fk_produtos_ FOREIGN KEY (id_tipo_produto_id) REFERENCES public.produtos_tipoitem(id) DEFERRABLE INITIALLY DEFERRED;


--
-- Name: produtos_produto produtos_produto_updated_by_id_6a2f095b_fk_authentic; Type: FK CONSTRAINT; Schema: public; Owner: postgres
--

ALTER TABLE ONLY public.produtos_produto
    ADD CONSTRAINT produtos_produto_updated_by_id_6a2f095b_fk_authentic FOREIGN KEY (updated_by_id) REFERENCES public.authentication_customuser(id) DEFERRABLE INITIALLY DEFERRED;


--
-- Name: produtos_produtoacessorio produtos_produtoaces_acessorio_id_17b94c5e_fk_produtos_; Type: FK CONSTRAINT; Schema: public; Owner: postgres
--

ALTER TABLE ONLY public.produtos_produtoacessorio
    ADD CONSTRAINT produtos_produtoaces_acessorio_id_17b94c5e_fk_produtos_ FOREIGN KEY (acessorio_id) REFERENCES public.produtos_acessorio(id) DEFERRABLE INITIALLY DEFERRED;


--
-- Name: produtos_produtoacessorio produtos_produtoaces_created_by_id_e340b222_fk_authentic; Type: FK CONSTRAINT; Schema: public; Owner: postgres
--

ALTER TABLE ONLY public.produtos_produtoacessorio
    ADD CONSTRAINT produtos_produtoaces_created_by_id_e340b222_fk_authentic FOREIGN KEY (created_by_id) REFERENCES public.authentication_customuser(id) DEFERRABLE INITIALLY DEFERRED;


--
-- Name: produtos_produtoacessorio produtos_produtoaces_produto_id_4f2fedf7_fk_produtos_; Type: FK CONSTRAINT; Schema: public; Owner: postgres
--

ALTER TABLE ONLY public.produtos_produtoacessorio
    ADD CONSTRAINT produtos_produtoaces_produto_id_4f2fedf7_fk_produtos_ FOREIGN KEY (produto_id) REFERENCES public.produtos_produto(id) DEFERRABLE INITIALLY DEFERRED;


--
-- Name: produtos_produtoacessorio produtos_produtoaces_updated_by_id_bf5d21dd_fk_authentic; Type: FK CONSTRAINT; Schema: public; Owner: postgres
--

ALTER TABLE ONLY public.produtos_produtoacessorio
    ADD CONSTRAINT produtos_produtoaces_updated_by_id_bf5d21dd_fk_authentic FOREIGN KEY (updated_by_id) REFERENCES public.authentication_customuser(id) DEFERRABLE INITIALLY DEFERRED;


--
-- Name: produtos_produtovariacao produtos_produtovari_created_by_id_b1e5ae33_fk_authentic; Type: FK CONSTRAINT; Schema: public; Owner: postgres
--

ALTER TABLE ONLY public.produtos_produtovariacao
    ADD CONSTRAINT produtos_produtovari_created_by_id_b1e5ae33_fk_authentic FOREIGN KEY (created_by_id) REFERENCES public.authentication_customuser(id) DEFERRABLE INITIALLY DEFERRED;


--
-- Name: produtos_produtovariacao produtos_produtovari_produto_id_f44ba6c6_fk_produtos_; Type: FK CONSTRAINT; Schema: public; Owner: postgres
--

ALTER TABLE ONLY public.produtos_produtovariacao
    ADD CONSTRAINT produtos_produtovari_produto_id_f44ba6c6_fk_produtos_ FOREIGN KEY (produto_id) REFERENCES public.produtos_produto(id) DEFERRABLE INITIALLY DEFERRED;


--
-- Name: produtos_produtovariacao produtos_produtovari_updated_by_id_03b4fa5c_fk_authentic; Type: FK CONSTRAINT; Schema: public; Owner: postgres
--

ALTER TABLE ONLY public.produtos_produtovariacao
    ADD CONSTRAINT produtos_produtovari_updated_by_id_03b4fa5c_fk_authentic FOREIGN KEY (updated_by_id) REFERENCES public.authentication_customuser(id) DEFERRABLE INITIALLY DEFERRED;


--
-- Name: produtos_pufe produtos_pufe_created_by_id_f00c14a6_fk_authentic; Type: FK CONSTRAINT; Schema: public; Owner: postgres
--

ALTER TABLE ONLY public.produtos_pufe
    ADD CONSTRAINT produtos_pufe_created_by_id_f00c14a6_fk_authentic FOREIGN KEY (created_by_id) REFERENCES public.authentication_customuser(id) DEFERRABLE INITIALLY DEFERRED;


--
-- Name: produtos_pufe produtos_pufe_updated_by_id_139d1d57_fk_authentic; Type: FK CONSTRAINT; Schema: public; Owner: postgres
--

ALTER TABLE ONLY public.produtos_pufe
    ADD CONSTRAINT produtos_pufe_updated_by_id_139d1d57_fk_authentic FOREIGN KEY (updated_by_id) REFERENCES public.authentication_customuser(id) DEFERRABLE INITIALLY DEFERRED;


--
-- Name: produtos_sofaacessorio produtos_sofaacessor_acessorio_id_ddf7d33d_fk_produtos_; Type: FK CONSTRAINT; Schema: public; Owner: postgres
--

ALTER TABLE ONLY public.produtos_sofaacessorio
    ADD CONSTRAINT produtos_sofaacessor_acessorio_id_ddf7d33d_fk_produtos_ FOREIGN KEY (acessorio_id) REFERENCES public.produtos_acessorio(id) DEFERRABLE INITIALLY DEFERRED;


--
-- Name: produtos_sofaacessorio produtos_sofaacessor_created_by_id_2e2f9ee5_fk_authentic; Type: FK CONSTRAINT; Schema: public; Owner: postgres
--

ALTER TABLE ONLY public.produtos_sofaacessorio
    ADD CONSTRAINT produtos_sofaacessor_created_by_id_2e2f9ee5_fk_authentic FOREIGN KEY (created_by_id) REFERENCES public.authentication_customuser(id) DEFERRABLE INITIALLY DEFERRED;


--
-- Name: produtos_sofaacessorio produtos_sofaacessor_updated_by_id_e45ad048_fk_authentic; Type: FK CONSTRAINT; Schema: public; Owner: postgres
--

ALTER TABLE ONLY public.produtos_sofaacessorio
    ADD CONSTRAINT produtos_sofaacessor_updated_by_id_e45ad048_fk_authentic FOREIGN KEY (updated_by_id) REFERENCES public.authentication_customuser(id) DEFERRABLE INITIALLY DEFERRED;


--
-- Name: produtos_sofaacessorio produtos_sofaacessorio_sofa_id_0b050bed_fk_produtos_produto_id; Type: FK CONSTRAINT; Schema: public; Owner: postgres
--

ALTER TABLE ONLY public.produtos_sofaacessorio
    ADD CONSTRAINT produtos_sofaacessorio_sofa_id_0b050bed_fk_produtos_produto_id FOREIGN KEY (sofa_id) REFERENCES public.produtos_produto(id) DEFERRABLE INITIALLY DEFERRED;


--
-- Name: produtos_tamanhosmodulosdetalhado produtos_tamanhosmod_created_by_id_12caa78f_fk_authentic; Type: FK CONSTRAINT; Schema: public; Owner: postgres
--

ALTER TABLE ONLY public.produtos_tamanhosmodulosdetalhado
    ADD CONSTRAINT produtos_tamanhosmod_created_by_id_12caa78f_fk_authentic FOREIGN KEY (created_by_id) REFERENCES public.authentication_customuser(id) DEFERRABLE INITIALLY DEFERRED;


--
-- Name: produtos_tamanhosmodulos produtos_tamanhosmod_created_by_id_f2d0757e_fk_authentic; Type: FK CONSTRAINT; Schema: public; Owner: postgres
--

ALTER TABLE ONLY public.produtos_tamanhosmodulos
    ADD CONSTRAINT produtos_tamanhosmod_created_by_id_f2d0757e_fk_authentic FOREIGN KEY (created_by_id) REFERENCES public.authentication_customuser(id) DEFERRABLE INITIALLY DEFERRED;


--
-- Name: produtos_tamanhosmodulos produtos_tamanhosmod_id_modulo_id_08e2db0e_fk_produtos_; Type: FK CONSTRAINT; Schema: public; Owner: postgres
--

ALTER TABLE ONLY public.produtos_tamanhosmodulos
    ADD CONSTRAINT produtos_tamanhosmod_id_modulo_id_08e2db0e_fk_produtos_ FOREIGN KEY (id_modulo_id) REFERENCES public.produtos_modulo(id) DEFERRABLE INITIALLY DEFERRED;


--
-- Name: produtos_tamanhosmodulosdetalhado produtos_tamanhosmod_id_modulo_id_7ade37a7_fk_produtos_; Type: FK CONSTRAINT; Schema: public; Owner: postgres
--

ALTER TABLE ONLY public.produtos_tamanhosmodulosdetalhado
    ADD CONSTRAINT produtos_tamanhosmod_id_modulo_id_7ade37a7_fk_produtos_ FOREIGN KEY (id_modulo_id) REFERENCES public.produtos_modulo(id) DEFERRABLE INITIALLY DEFERRED;


--
-- Name: produtos_tamanhosmodulos produtos_tamanhosmod_updated_by_id_c3bcaa22_fk_authentic; Type: FK CONSTRAINT; Schema: public; Owner: postgres
--

ALTER TABLE ONLY public.produtos_tamanhosmodulos
    ADD CONSTRAINT produtos_tamanhosmod_updated_by_id_c3bcaa22_fk_authentic FOREIGN KEY (updated_by_id) REFERENCES public.authentication_customuser(id) DEFERRABLE INITIALLY DEFERRED;


--
-- Name: produtos_tamanhosmodulosdetalhado produtos_tamanhosmod_updated_by_id_cd108b50_fk_authentic; Type: FK CONSTRAINT; Schema: public; Owner: postgres
--

ALTER TABLE ONLY public.produtos_tamanhosmodulosdetalhado
    ADD CONSTRAINT produtos_tamanhosmod_updated_by_id_cd108b50_fk_authentic FOREIGN KEY (updated_by_id) REFERENCES public.authentication_customuser(id) DEFERRABLE INITIALLY DEFERRED;


--
-- Name: produtos_tipoitem produtos_tipoitem_created_by_id_4c360942_fk_authentic; Type: FK CONSTRAINT; Schema: public; Owner: postgres
--

ALTER TABLE ONLY public.produtos_tipoitem
    ADD CONSTRAINT produtos_tipoitem_created_by_id_4c360942_fk_authentic FOREIGN KEY (created_by_id) REFERENCES public.authentication_customuser(id) DEFERRABLE INITIALLY DEFERRED;


--
-- Name: produtos_tipoitem produtos_tipoitem_updated_by_id_fb3f0be1_fk_authentic; Type: FK CONSTRAINT; Schema: public; Owner: postgres
--

ALTER TABLE ONLY public.produtos_tipoitem
    ADD CONSTRAINT produtos_tipoitem_updated_by_id_fb3f0be1_fk_authentic FOREIGN KEY (updated_by_id) REFERENCES public.authentication_customuser(id) DEFERRABLE INITIALLY DEFERRED;


--
-- PostgreSQL database dump complete
--

